Time,Rho,X,Z,Alt,AoA,GSE,LUE,Vtot,Vy,Gamma,Pitch,Roll,Yaw,Step,Grade,Points,Details
0.00,14.479,13502.4,-23251.0,1257.7,4.86,-2.68,-69.14,291.4,-513.8,72.0,3.8,-7.2,-0.1,n/a,OK,4.0,    
0.50,14.439,13478.2,-23181.5,1253.3,4.90,-2.68,-69.11,290.2,-546.5,71.8,3.8,-7.3,-0.1,n/a,OK,4.0,    
1.00,14.401,13453.9,-23112.3,1248.6,4.93,-2.68,-69.09,289.0,-578.0,71.6,3.7,-7.4,-0.1,n/a,OK,4.0,    
1.50,14.362,13429.5,-23043.6,1243.6,4.95,-2.68,-69.06,287.9,-611.6,71.3,3.7,-7.6,-0.1,n/a,OK,4.0,    
2.00,14.323,13404.9,-22975.2,1238.4,5.01,-2.69,-69.03,286.8,-654.9,71.1,3.7,-7.7,-0.1,n/a,OK,4.0,    
2.50,14.285,13380.1,-22907.2,1232.8,5.17,-2.69,-69.00,285.6,-671.3,71.3,3.8,-2.3,-0.1,n/a,OK,4.0,    
3.00,14.246,13355.4,-22839.5,1227.2,5.26,-2.69,-68.97,284.6,-675.1,72.1,3.8,8.5,-0.1,n/a,OK,4.0,    
3.50,14.208,13331.0,-22772.0,1221.6,5.53,-2.69,-68.95,283.7,-667.2,73.1,4.0,16.4,-0.1,n/a,OK,4.0,    
4.00,14.170,13307.5,-22704.3,1216.2,5.86,-2.69,-68.92,282.9,-637.7,73.7,4.5,16.8,-0.1,n/a,OK,4.0,    
4.50,14.132,13284.7,-22636.5,1211.2,5.62,-2.69,-68.88,282.3,-572.0,74.0,4.4,15.6,-0.1,n/a,OK,4.0,    
5.00,14.095,13262.6,-22568.6,1206.4,5.34,-2.69,-68.85,282.0,-576.9,74.3,4.1,14.8,-0.1,n/a,OK,4.0,    
5.50,14.057,13241.1,-22500.5,1201.5,5.40,-2.69,-68.82,282.0,-612.3,74.8,4.1,14.2,-0.1,n/a,OK,4.0,    
6.00,14.019,13220.2,-22432.2,1196.5,5.98,-2.70,-68.78,281.8,-573.1,75.4,4.7,13.7,-0.1,n/a,OK,4.0,    
6.50,13.982,13199.9,-22363.8,1192.1,5.73,-2.70,-68.74,281.4,-486.0,75.9,4.6,13.2,-0.1,n/a,OK,4.0,    
7.00,13.945,13180.2,-22295.2,1188.1,5.42,-2.70,-68.70,281.0,-476.9,76.3,4.4,12.8,-0.1,n/a,OK,4.0,    
7.50,13.908,13161.1,-22226.6,1184.0,5.41,-2.70,-68.66,280.7,-500.6,76.7,4.3,12.5,-0.1,n/a,OK,4.0,    
8.00,13.870,13142.4,-22157.9,1179.8,5.48,-2.70,-68.62,280.3,-516.6,77.0,4.4,12.1,-0.1,n/a,OK,4.0,    
8.50,13.833,13124.4,-22089.1,1175.4,5.49,-2.70,-68.58,280.0,-526.4,77.4,4.3,11.8,-0.1,n/a,OK,4.0,    
9.00,13.797,13106.8,-22020.3,1171.0,5.45,-2.70,-68.53,279.6,-542.9,77.8,4.3,11.4,-0.1,n/a,OK,4.0,    
9.50,13.760,13089.7,-21951.4,1166.4,5.44,-2.70,-68.49,279.3,-567.5,78.1,4.2,11.1,-0.1,n/a,OK,4.0,    
10.00,13.723,13073.1,-21882.5,1161.5,5.47,-2.70,-68.44,278.9,-590.7,78.4,4.2,10.7,-0.1,n/a,OK,4.0,    
10.50,13.687,13056.9,-21813.5,1156.5,5.49,-2.70,-68.39,278.6,-613.0,78.8,4.2,10.4,-0.1,n/a,OK,4.0,    
11.00,13.650,13041.2,-21744.5,1151.3,5.48,-2.71,-68.34,278.3,-637.5,79.1,4.1,10.0,-0.1,n/a,OK,4.0,    
11.50,13.614,13026.0,-21675.5,1145.9,5.48,-2.71,-68.29,277.9,-664.5,79.4,4.1,9.7,-0.1,n/a,OK,4.0,    
12.00,13.578,13011.1,-21606.5,1140.2,5.50,-2.71,-68.24,277.6,-690.4,79.7,4.1,9.4,-0.1,n/a,OK,4.0,    
12.50,13.542,12996.6,-21537.4,1134.4,5.53,-2.71,-68.19,277.3,-714.9,79.9,4.1,9.1,-0.1,n/a,OK,4.0,    
13.00,13.506,12982.6,-21468.3,1128.3,5.54,-2.71,-68.13,277.0,-738.0,80.2,4.0,8.8,-0.1,n/a,OK,4.0,    
13.50,13.470,12968.9,-21399.2,1122.0,5.55,-2.72,-68.08,276.7,-763.0,80.4,4.0,8.4,-0.1,n/a,OK,4.0,    
14.00,13.434,12955.6,-21330.1,1115.6,5.54,-2.72,-68.02,276.4,-787.9,80.7,4.0,8.1,-0.1,n/a,OK,4.0,    
14.50,13.399,12942.6,-21261.0,1108.9,5.57,-2.72,-67.97,276.1,-813.4,80.9,3.9,7.8,-0.1,n/a,OK,4.0,    
15.00,13.363,12930.0,-21191.9,1102.0,5.59,-2.72,-67.91,275.8,-835.4,81.2,3.9,7.5,-0.1,n/a,OK,4.0,    
15.50,13.328,12917.7,-21122.8,1095.0,6.02,-2.73,-67.85,275.5,-847.4,81.5,4.3,7.2,-0.1,n/a,OK,4.0,    
16.00,13.293,12905.7,-21053.7,1088.3,6.41,-2.73,-67.79,275.1,-754.2,81.8,4.9,7.1,-0.1,n/a,OK,4.0,    
16.50,13.258,12894.1,-20984.6,1082.6,6.57,-2.73,-67.73,274.5,-625.5,82.1,5.3,7.0,-0.1,n/a,OK,4.0,    
17.00,13.223,12882.8,-20915.7,1078.0,6.67,-2.73,-67.67,273.9,-481.3,82.4,5.7,7.0,-0.1,n/a,OK,4.0,    
17.50,13.188,12872.0,-20846.7,1074.7,6.73,-2.73,-67.61,273.3,-329.0,82.7,6.1,7.0,-0.1,n/a,OK,4.0,    
18.00,13.153,12861.5,-20777.9,1072.6,6.79,-2.73,-67.54,272.6,-175.7,82.9,6.4,7.0,-0.1,n/a,OK,4.0,    
18.50,13.119,12851.4,-20709.2,1071.8,6.82,-2.73,-67.48,271.8,-19.2,83.2,6.8,7.0,-0.1,n/a,OK,4.0,    
19.00,13.084,12841.8,-20640.6,1072.3,6.81,-2.73,-67.41,271.0,127.8,83.5,7.0,7.0,-0.1,n/a,OK,4.0,    
19.50,13.050,12832.5,-20572.2,1074.0,6.75,-2.73,-67.35,270.2,260.2,83.8,7.3,7.0,-0.1,n/a,OK,4.0,    
20.00,13.016,12823.6,-20503.9,1076.7,6.71,-2.72,-67.28,269.3,377.3,84.0,7.4,7.0,-0.1,n/a,OK,4.0,    
20.50,12.983,12815.1,-20435.8,1080.2,6.61,-2.72,-67.21,268.5,473.0,84.3,7.5,7.0,-0.1,n/a,OK,4.0,    
21.00,12.949,12806.9,-20367.8,1084.5,6.51,-2.71,-67.14,267.6,544.9,84.5,7.6,7.0,-0.1,n/a,OK,4.0,    
21.50,12.916,12799.1,-20300.0,1089.3,6.39,-2.71,-67.07,266.8,592.2,84.7,7.6,7.1,-0.1,n/a,OK,4.0,    
22.00,12.883,12791.7,-20232.4,1094.3,6.26,-2.70,-67.00,266.0,612.1,85.0,7.5,7.0,-0.1,n/a,OK,4.0,    
22.50,12.850,12784.7,-20164.9,1099.4,6.18,-2.69,-66.93,265.2,608.9,85.2,7.4,7.0,-0.1,n/a,OK,4.0,    
23.00,12.817,12777.9,-20097.6,1104.4,6.07,-2.69,-66.86,264.4,583.0,85.4,7.3,7.0,-0.1,n/a,OK,4.0,    
23.50,12.784,12771.5,-20030.4,1109.0,6.01,-2.68,-66.78,263.7,536.1,85.7,7.2,7.0,-0.1,n/a,OK,4.0,    
24.00,12.752,12765.5,-19963.4,1113.2,5.94,-2.68,-66.71,263.0,472.6,85.9,7.0,7.0,-0.1,n/a,OK,4.0,    
24.50,12.720,12759.7,-19896.4,1116.8,5.94,-2.67,-66.63,262.3,396.7,86.1,6.8,7.0,-0.1,n/a,OK,4.0,    
25.00,12.688,12754.2,-19829.6,1119.8,5.93,-2.67,-66.56,261.7,315.7,86.4,6.6,7.0,-0.1,n/a,OK,4.0,    
25.50,12.656,12749.1,-19763.0,1122.0,5.94,-2.67,-66.48,261.1,231.0,86.6,6.4,7.1,-0.1,n/a,OK,4.0,    
26.00,12.624,12744.2,-19696.4,1123.6,5.96,-2.66,-66.40,260.6,140.6,86.8,6.3,7.1,-0.1,n/a,OK,4.0,    
26.50,12.593,12739.7,-19629.9,1124.4,5.99,-2.66,-66.32,260.1,54.3,87.1,6.1,7.1,-0.1,n/a,OK,4.0,    
27.00,12.561,12735.4,-19563.5,1124.4,6.04,-2.66,-66.24,259.6,-33.0,87.3,6.0,7.1,-0.1,n/a,OK,4.0,    
27.50,12.530,12731.4,-19497.2,1123.8,6.13,-2.66,-66.16,259.1,-114.8,87.5,5.9,7.0,-0.1,n/a,OK,4.0,    
28.00,12.499,12727.8,-19431.0,1122.5,6.24,-2.65,-66.08,258.7,-184.2,87.8,5.9,7.0,-0.1,n/a,OK,4.0,    
28.50,12.468,12724.4,-19364.9,1120.8,6.36,-2.65,-66.00,258.2,-239.5,88.0,5.9,7.0,-0.1,n/a,OK,4.0,    
29.00,12.437,12721.3,-19298.8,1118.6,6.45,-2.65,-65.91,257.8,-283.2,88.3,5.9,7.0,-0.1,n/a,OK,4.0,    
29.50,12.406,12718.6,-19232.9,1116.1,6.56,-2.65,-65.83,257.3,-316.0,88.5,5.9,7.0,-0.1,n/a,OK,4.0,    
30.00,12.376,12716.1,-19167.0,1113.3,6.69,-2.65,-65.75,256.9,-334.9,88.8,6.0,7.0,-0.1,n/a,OK,4.0,    
30.50,12.346,12714.0,-19101.2,1110.5,6.83,-2.65,-65.66,256.4,-339.6,89.1,6.1,7.0,-0.1,n/a,OK,4.0,    
31.00,12.315,12712.2,-19035.5,1107.7,6.94,-2.65,-65.57,256.0,-329.5,89.4,6.2,7.0,-0.1,n/a,OK,4.0,    
31.50,12.285,12710.7,-18969.9,1105.1,7.04,-2.65,-65.48,255.5,-311.0,89.6,6.3,7.0,-0.1,n/a,OK,4.0,    
32.00,12.256,12709.5,-18904.5,1102.6,7.13,-2.65,-65.40,255.0,-282.2,89.9,6.5,6.9,-0.1,n/a,OK,4.0,    
32.50,12.226,12708.6,-18839.1,1100.4,7.19,-2.65,-65.31,254.4,-247.8,90.2,6.6,6.9,-0.1,n/a,OK,4.0,    
33.00,12.196,12708.1,-18773.8,1098.5,7.30,-2.65,-65.21,253.9,-205.5,90.4,6.8,6.9,-0.1,n/a,OK,4.0,    
33.50,12.167,12707.9,-18708.7,1097.0,7.34,-2.65,-65.12,253.3,-158.7,90.7,6.9,6.9,-0.1,n/a,OK,4.0,    
34.00,12.138,12708.0,-18643.7,1095.9,7.37,-2.65,-65.03,252.7,-112.2,91.0,7.1,6.9,-0.1,n/a,OK,4.0,    
34.50,12.109,12708.5,-18578.9,1095.2,7.41,-2.65,-64.94,252.1,-67.0,91.2,7.2,6.9,-0.1,n/a,OK,4.0,    
35.00,12.080,12709.3,-18514.2,1094.8,7.43,-2.65,-64.84,251.4,-23.0,91.5,7.3,6.9,-0.1,n/a,OK,4.0,    
35.50,12.052,12710.4,-18449.6,1094.8,7.47,-2.64,-64.75,250.8,18.7,91.8,7.5,6.9,-0.1,n/a,OK,4.0,    
36.00,12.024,12711.8,-18385.2,1095.2,7.49,-2.64,-64.65,250.1,59.2,92.1,7.5,6.9,-0.1,n/a,OK,4.0,    
36.50,11.996,12713.6,-18321.0,1095.8,7.49,-2.64,-64.55,249.5,95.7,92.3,7.6,6.9,-0.1,n/a,OK,4.0,    
37.00,11.968,12715.7,-18256.9,1096.7,7.47,-2.64,-64.45,248.8,123.8,92.6,7.7,6.9,-0.1,n/a,OK,4.0,    
37.50,11.940,12718.1,-18193.0,1097.9,7.47,-2.63,-64.35,248.1,143.8,92.9,7.7,6.9,-0.1,n/a,OK,4.0,    
38.00,11.912,12720.8,-18129.3,1099.1,7.46,-2.63,-64.25,247.5,154.9,93.1,7.8,6.9,-0.1,n/a,OK,4.0,    
38.50,11.885,12723.9,-18065.7,1100.4,7.48,-2.63,-64.15,246.8,160.4,93.4,7.8,6.9,-0.1,n/a,OK,4.0,    
39.00,11.858,12727.2,-18002.3,1101.8,7.50,-2.63,-64.05,246.2,163.0,93.6,7.8,6.9,-0.1,n/a,OK,4.0,    
39.50,11.831,12730.9,-17939.1,1103.1,7.49,-2.62,-63.95,245.5,159.3,93.9,7.8,6.9,-0.1,n/a,OK,4.0,    
40.00,11.805,12734.9,-17876.0,1104.4,7.51,-2.62,-63.85,244.9,149.5,94.2,7.8,6.9,-0.1,n/a,OK,4.0,    
40.50,11.778,12739.2,-17813.1,1105.6,7.51,-2.62,-63.74,244.2,135.6,94.4,7.8,6.9,-0.1,n/a,OK,4.0,    
41.00,11.752,12743.7,-17750.4,1106.7,7.52,-2.61,-63.64,243.6,116.2,94.7,7.8,6.9,-0.1,n/a,OK,4.0,    
41.50,11.726,12748.6,-17687.8,1107.5,7.55,-2.61,-63.53,243.0,94.0,95.0,7.8,6.9,-0.1,n/a,OK,4.0,    
42.00,11.700,12753.8,-17625.4,1108.2,7.58,-2.61,-63.42,242.4,69.0,95.2,7.8,6.9,-0.1,n/a,OK,4.0,    
42.50,11.675,12759.3,-17563.2,1108.7,7.63,-2.61,-63.31,241.8,43.6,95.5,7.8,6.9,-0.1,n/a,OK,4.0,    
43.00,11.649,12765.0,-17501.1,1108.9,7.70,-2.60,-63.21,241.2,20.3,95.8,7.8,6.9,-0.1,n/a,OK,4.0,    
43.50,11.624,12771.1,-17439.2,1109.0,7.75,-2.60,-63.10,240.6,-1.1,96.0,7.7,6.9,-0.1,n/a,OK,4.0,    
44.00,11.599,12777.4,-17377.4,1108.9,7.82,-2.60,-62.99,240.1,-20.4,96.3,7.7,6.8,-0.1,n/a,OK,4.0,    
44.50,11.574,12784.0,-17315.9,1108.7,7.64,-2.60,-62.87,239.5,-22.9,96.6,7.6,6.9,-0.1,n/a,OK,4.0,    
45.00,11.550,12791.0,-17254.4,1108.5,7.31,-2.60,-62.76,238.9,-31.2,97.0,7.2,7.1,-0.1,n/a,OK,4.0,    
45.50,11.525,12798.2,-17193.2,1108.2,7.12,-2.59,-62.65,238.3,-36.7,97.3,7.0,7.3,-0.1,n/a,OK,4.0,    
46.00,11.501,12805.8,-17132.1,1107.9,6.89,-2.59,-62.54,237.7,-29.0,97.6,6.8,7.4,-0.1,n/a,OK,4.0,    
46.50,11.477,12813.7,-17071.2,1107.7,6.62,-2.59,-62.42,237.0,-21.1,97.9,6.5,7.4,-0.1,n/a,OK,4.0,    
47.00,11.453,12821.9,-17010.6,1107.5,6.40,-2.59,-62.31,236.3,-9.5,98.2,6.3,7.3,-0.1,n/a,OK,4.0,    
47.50,11.430,12830.4,-16950.1,1107.5,6.15,-2.59,-62.19,235.5,5.0,98.4,6.1,7.3,-0.1,n/a,OK,4.0,    
48.00,11.407,12839.3,-16889.9,1107.5,5.84,-2.59,-62.07,234.7,11.3,98.5,5.8,6.3,-0.1,n/a,OK,4.0,    
48.50,11.384,12848.5,-16829.9,1107.6,5.64,-2.58,-61.95,233.8,0.7,98.1,5.6,1.3,-0.1,n/a,OK,4.0,    
49.00,11.361,12857.7,-16770.1,1107.5,5.48,-2.58,-61.84,233.2,-8.8,98.0,5.4,-0.7,-0.1,n/a,OK,4.0,    
49.50,11.339,12866.9,-16710.4,1107.4,5.28,-2.58,-61.72,233.1,-22.5,98.0,5.2,0.1,-0.1,n/a,OK,4.0,    
50.00,11.316,12876.1,-16650.8,1107.1,5.15,-2.58,-61.60,233.0,-45.4,98.2,5.0,1.2,-0.1,n/a,OK,4.0,    
50.50,11.293,12885.3,-16591.2,1106.6,5.04,-2.58,-61.48,232.8,-70.6,98.3,4.9,1.1,-0.1,n/a,OK,4.0,    
51.00,11.271,12894.6,-16531.6,1105.9,4.89,-2.58,-61.36,232.7,-100.5,98.0,4.6,-3.3,-0.1,n/a,OK,4.0,    
51.50,11.248,12903.8,-16472.0,1104.9,4.83,-2.58,-61.24,233.0,-129.8,97.6,4.5,-5.4,-0.1,n/a,OK,4.0,    
52.00,11.226,12912.8,-16412.2,1103.7,4.81,-2.57,-61.12,233.5,-155.3,97.3,4.4,-4.9,-0.1,n/a,OK,4.0,    
52.50,11.203,12921.5,-16352.4,1102.3,4.96,-2.57,-61.00,234.0,-173.9,97.1,4.5,-3.5,-0.1,n/a,OK,4.0,    
53.00,11.181,12930.1,-16292.3,1100.9,5.05,-2.57,-60.88,235.0,-170.3,97.0,4.6,-2.8,-0.1,n/a,OK,4.0,    
53.50,11.158,12938.5,-16231.9,1099.5,4.99,-2.57,-60.75,236.2,-160.1,96.7,4.5,-6.3,-0.1,n/a,OK,4.0,    
54.00,11.135,12946.7,-16171.1,1098.2,5.10,-2.57,-60.63,237.5,-166.6,96.1,4.6,-11.2,-0.1,n/a,OK,4.0,    
54.50,11.111,12954.4,-16110.1,1096.8,5.31,-2.57,-60.51,238.7,-155.9,95.5,4.8,-12.7,-0.1,n/a,OK,4.0,    
55.00,11.088,12961.5,-16048.6,1095.6,5.31,-2.57,-60.39,239.7,-135.0,94.9,4.9,-12.7,-0.1,n/a,OK,4.0,    
55.50,11.064,12968.1,-15987.0,1094.6,5.35,-2.57,-60.27,240.3,-119.1,94.4,5.0,-12.0,-0.1,n/a,OK,4.0,    
56.00,11.040,12974.1,-15925.1,1093.7,5.44,-2.57,-60.14,240.9,-90.2,93.9,5.1,-11.5,-0.1,n/a,OK,4.0,    
56.50,11.016,12979.6,-15863.1,1093.1,5.46,-2.57,-60.02,241.5,-52.8,93.4,5.2,-11.4,-0.1,n/a,OK,4.0,    
57.00,10.992,12984.6,-15801.0,1092.8,5.42,-2.56,-59.90,241.9,-20.7,92.8,5.2,-11.6,-0.1,n/a,OK,4.0,    
57.50,10.967,12989.0,-15738.7,1092.8,5.45,-2.56,-59.78,242.3,11.9,92.3,5.3,-11.8,-0.1,n/a,OK,4.0,    
58.00,10.942,12992.9,-15676.4,1093.0,5.42,-2.56,-59.66,242.7,45.7,91.8,5.4,-11.9,-0.1,n/a,OK,4.0,    
58.50,10.917,12996.3,-15613.9,1093.5,5.41,-2.56,-59.54,243.0,75.3,91.3,5.5,-11.9,-0.1,n/a,OK,4.0,    
59.00,10.892,12999.1,-15551.4,1094.3,5.38,-2.55,-59.42,243.1,102.7,90.9,5.5,-11.8,-0.1,n/a,OK,4.0,    
59.50,10.867,13001.4,-15488.8,1095.2,5.34,-2.55,-59.30,243.2,127.5,90.5,5.5,-11.7,-0.1,n/a,OK,4.0,    
60.00,10.842,13003.2,-15426.3,1096.4,5.30,-2.55,-59.19,243.3,149.6,90.0,5.5,-11.7,-0.1,n/a,OK,4.0,    
60.50,10.816,13004.4,-15363.7,1097.7,5.21,-2.54,-59.07,243.5,164.9,89.6,5.5,-11.7,-0.1,n/a,OK,4.0,    
61.00,10.790,13005.1,-15301.1,1099.1,5.16,-2.54,-58.95,243.6,172.8,89.1,5.5,-11.7,-0.1,n/a,OK,4.0,    
61.50,10.765,13005.3,-15238.5,1100.6,5.11,-2.54,-58.84,243.8,177.5,88.7,5.5,-11.7,-0.1,n/a,OK,4.0,    
62.00,10.739,13005.0,-15175.9,1102.1,5.05,-2.53,-58.72,243.9,177.7,88.2,5.4,-11.7,-0.1,n/a,OK,4.0,    
62.50,10.713,13004.2,-15113.3,1103.5,4.98,-2.53,-58.60,244.1,171.1,87.7,5.3,-11.7,-0.1,n/a,OK,4.0,    
63.00,10.686,13002.9,-15050.6,1104.9,4.96,-2.53,-58.49,244.3,160.3,87.3,5.3,-11.7,-0.1,n/a,OK,4.0,    
63.50,10.660,13001.1,-14988.0,1106.2,4.93,-2.52,-58.38,244.5,146.5,86.8,5.2,-11.7,-0.1,n/a,OK,4.0,    
64.00,10.633,12998.7,-14925.3,1107.3,4.88,-2.52,-58.26,244.7,129.0,86.4,5.1,-11.7,-0.1,n/a,OK,4.0,    
64.50,10.607,12995.9,-14862.7,1108.3,4.86,-2.52,-58.15,244.9,108.4,85.9,5.0,-11.7,-0.1,n/a,OK,4.0,    
65.00,10.580,12992.5,-14800.0,1109.1,4.83,-2.51,-58.04,245.2,85.6,85.5,4.9,-11.7,-0.1,n/a,OK,4.0,    
65.50,10.553,12988.7,-14737.3,1109.7,4.82,-2.51,-57.92,245.4,59.3,85.1,4.8,-11.7,-0.1,n/a,OK,4.0,    
66.00,10.526,12984.3,-14674.7,1110.1,4.80,-2.51,-57.81,245.7,31.9,84.6,4.8,-11.6,-0.1,n/a,OK,4.0,    
66.50,10.499,12979.4,-14612.0,1110.2,4.79,-2.51,-57.70,246.0,3.0,84.2,4.7,-11.7,-0.1,n/a,OK,4.0,    
67.00,10.471,12974.1,-14549.3,1110.1,4.81,-2.50,-57.59,246.3,-27.8,83.7,4.7,-11.6,-0.1,n/a,OK,4.0,    
67.50,10.444,12968.2,-14486.6,1109.8,4.82,-2.50,-57.48,246.5,-50.6,83.5,4.7,-8.2,-0.1,n/a,OK,4.0,    
68.00,10.416,12961.9,-14423.9,1109.3,4.81,-2.50,-57.37,247.0,-63.5,83.7,4.7,-1.6,-0.1,n/a,OK,4.0,    
68.50,10.389,12955.5,-14361.0,1108.7,4.83,-2.50,-57.26,247.7,-68.7,83.9,4.7,1.7,-0.1,n/a,OK,4.0,    
69.00,10.361,12949.1,-14297.9,1108.2,4.80,-2.49,-57.15,249.1,-69.7,84.1,4.7,2.0,-0.1,n/a,OK,4.0,    
69.50,10.333,12942.7,-14234.4,1107.6,4.85,-2.49,-57.04,250.7,-71.7,84.2,4.7,1.2,-0.1,n/a,OK,4.0,    
70.00,10.305,12936.2,-14170.5,1107.0,4.88,-2.49,-56.92,252.1,-68.1,84.2,4.7,0.6,-0.1,n/a,OK,4.0,    
70.50,10.277,12929.6,-14106.2,1106.4,4.92,-2.49,-56.81,253.6,-65.8,84.3,4.7,0.6,-0.1,n/a,OK,4.0,    
71.00,10.249,12923.0,-14041.6,1105.8,5.06,-2.48,-56.69,255.2,-80.9,84.3,4.8,0.8,-0.1,n/a,OK,4.0,    
71.50,10.220,12916.2,-13976.4,1105.1,5.24,-2.48,-56.57,257.3,-103.0,84.3,5.0,0.7,-0.1,n/a,OK,4.0,    
72.00,10.192,12909.4,-13910.7,1104.1,5.46,-2.48,-56.46,259.6,-129.7,84.3,5.1,0.5,-0.1,n/a,OK,4.0,    
72.50,10.163,12902.4,-13844.5,1102.9,5.66,-2.48,-56.33,261.9,-161.7,84.3,5.3,0.3,-0.1,n/a,OK,4.0,    
73.00,10.133,12895.2,-13777.6,1101.5,5.90,-2.48,-56.21,264.3,-187.5,84.3,5.5,0.2,-0.1,n/a,OK,4.0,    
73.50,10.104,12888.0,-13710.2,1099.9,6.04,-2.48,-56.09,266.6,-174.1,84.3,5.6,0.2,-0.1,n/a,OK,4.0,    
74.00,10.074,12880.5,-13642.2,1098.6,6.14,-2.47,-55.96,268.6,-138.8,84.3,5.8,0.3,-0.1,n/a,OK,4.0,    
74.50,10.045,12873.0,-13573.8,1097.7,6.18,-2.47,-55.84,270.1,-89.6,84.4,6.0,0.3,-0.1,n/a,OK,4.0,    
75.00,10.015,12865.4,-13505.0,1097.2,6.20,-2.47,-55.71,271.1,-41.1,84.4,6.1,0.3,-0.1,n/a,OK,4.0,    
75.50,9.985,12857.7,-13436.1,1097.0,6.24,-2.47,-55.58,271.4,3.0,84.4,6.3,0.3,-0.1,n/a,OK,4.0,    
76.00,9.955,12850.1,-13367.1,1097.3,6.20,-2.46,-55.45,271.5,46.8,84.4,6.3,0.3,-0.1,n/a,OK,4.0,    
76.50,9.925,12842.5,-13298.2,1097.8,6.15,-2.46,-55.32,271.4,77.5,84.4,6.4,0.3,-0.1,n/a,OK,4.0,    
77.00,9.895,12834.9,-13229.3,1098.5,6.13,-2.46,-55.19,271.2,100.5,84.5,6.4,0.3,-0.1,n/a,OK,4.0,    
77.50,9.866,12827.3,-13160.4,1099.4,6.12,-2.45,-55.05,271.0,118.7,84.5,6.4,0.3,-0.1,n/a,OK,4.0,    
78.00,9.836,12819.7,-13091.6,1100.5,6.08,-2.45,-54.92,270.9,131.4,84.5,6.3,0.3,-0.1,n/a,OK,4.0,    
78.50,9.807,12812.2,-13022.8,1101.6,6.03,-2.44,-54.79,270.7,134.7,84.5,6.3,0.3,-0.1,n/a,OK,4.0,    
79.00,9.777,12804.7,-12954.1,1102.7,6.00,-2.44,-54.65,270.5,130.8,84.5,6.3,0.4,-0.1,n/a,OK,4.0,    
79.50,9.748,12797.2,-12885.4,1103.8,5.95,-2.44,-54.52,270.4,119.8,84.5,6.2,0.3,-0.1,n/a,OK,4.0,    
80.00,9.719,12789.8,-12816.7,1104.7,5.92,-2.43,-54.38,270.3,101.8,84.5,6.2,0.2,-0.1,n/a,OK,4.0,    
80.50,9.689,12782.4,-12748.0,1105.4,5.94,-2.43,-54.24,270.2,82.9,84.5,6.2,0.1,-0.1,n/a,OK,4.0,    
81.00,9.660,12774.9,-12679.4,1106.0,5.93,-2.42,-54.10,270.1,63.4,84.4,6.1,0.0,-0.1,n/a,OK,4.0,    
81.50,9.631,12767.5,-12610.8,1106.5,5.97,-2.42,-53.97,270.1,44.4,84.4,6.1,0.0,-0.1,n/a,OK,4.0,    
82.00,9.602,12760.1,-12542.2,1106.8,5.95,-2.42,-53.83,270.0,27.3,84.4,6.0,-0.0,-0.1,n/a,OK,4.0,    
82.50,9.573,12752.7,-12473.6,1106.9,5.95,-2.41,-53.69,270.0,9.2,84.4,6.0,-0.0,-0.1,n/a,OK,4.0,    
83.00,9.544,12745.3,-12405.0,1106.9,5.96,-2.41,-53.54,269.9,-9.1,84.5,5.9,-0.0,-0.1,n/a,OK,4.0,    
83.50,9.516,12737.8,-12336.4,1106.8,5.95,-2.41,-53.40,269.9,-29.7,84.5,5.9,-0.0,-0.1,n/a,OK,4.0,    
84.00,9.487,12730.4,-12267.8,1106.4,5.96,-2.40,-53.26,269.8,-47.8,84.5,5.9,0.0,-0.1,n/a,OK,4.0,    
84.50,9.458,12723.0,-12199.3,1106.0,5.98,-2.40,-53.12,269.8,-66.9,84.5,5.9,0.0,-0.1,n/a,OK,4.0,    
85.00,9.429,12715.6,-12130.7,1105.3,5.99,-2.40,-52.97,269.8,-81.2,84.5,5.9,0.0,-0.1,n/a,OK,4.0,    
85.50,9.401,12708.2,-12062.2,1104.6,6.05,-2.40,-52.83,269.7,-89.6,84.5,5.9,0.0,-0.1,n/a,OK,4.0,    
86.00,9.372,12700.8,-11993.6,1103.9,6.08,-2.39,-52.68,269.7,-92.7,84.5,5.9,-0.0,-0.1,n/a,OK,4.0,    
86.50,9.344,12693.4,-11925.1,1103.1,6.09,-2.39,-52.53,269.7,-90.9,84.5,5.9,-0.0,-0.1,n/a,OK,4.0,    
87.00,9.316,12686.0,-11856.6,1102.4,6.11,-2.39,-52.38,269.6,-86.8,84.5,6.0,-0.0,-0.1,n/a,OK,4.0,    
87.50,9.287,12678.6,-11788.1,1101.7,6.15,-2.38,-52.23,269.6,-79.5,84.5,6.0,-0.0,-0.1,n/a,OK,4.0,    
88.00,9.259,12671.2,-11719.6,1101.1,6.15,-2.38,-52.09,269.5,-67.6,84.5,6.0,-0.0,-0.1,n/a,OK,4.0,    
88.50,9.231,12663.8,-11651.2,1100.5,6.16,-2.38,-51.93,269.5,-55.3,84.5,6.0,0.0,-0.1,n/a,OK,4.0,    
89.00,9.203,12656.4,-11582.7,1100.1,6.15,-2.38,-51.78,269.4,-43.8,84.5,6.1,0.0,-0.1,n/a,OK,4.0,    
89.50,9.175,12649.0,-11514.3,1099.8,6.13,-2.37,-51.63,269.3,-35.6,84.5,6.1,0.0,-0.1,n/a,OK,4.0,    
90.00,9.147,12641.6,-11445.9,1099.5,6.16,-2.37,-51.48,269.3,-28.2,84.5,6.2,0.0,-0.1,n/a,OK,4.0,    
90.50,9.119,12634.2,-11377.5,1099.4,6.16,-2.37,-51.32,269.2,-16.3,84.4,6.2,0.0,-0.1,n/a,OK,4.0,    
91.00,9.091,12626.9,-11309.1,1099.3,6.15,-2.36,-51.17,269.1,-7.6,84.4,6.2,0.0,-0.1,n/a,OK,4.0,    
91.50,9.063,12619.5,-11240.7,1099.2,6.18,-2.36,-51.01,269.0,3.2,84.4,6.3,0.0,-0.1,n/a,OK,4.0,    
92.00,9.036,12612.2,-11172.4,1099.3,6.19,-2.36,-50.85,268.9,16.0,84.4,6.3,-0.0,-0.1,n/a,OK,4.0,    
92.50,9.008,12604.8,-11104.1,1099.5,6.20,-2.35,-50.70,268.8,29.5,84.4,6.3,-0.0,-0.1,n/a,OK,4.0,    
93.00,8.981,12597.5,-11035.8,1099.8,6.18,-2.35,-50.54,268.7,42.0,84.4,6.3,-0.0,-0.1,n/a,OK,4.0,    
93.50,8.953,12590.1,-10967.6,1100.2,6.16,-2.34,-50.38,268.6,50.8,84.4,6.3,-0.0,-0.1,n/a,OK,4.0,    
94.00,8.926,12582.8,-10899.3,1100.7,6.15,-2.34,-50.22,268.5,58.2,84.4,6.3,-0.0,-0.1,n/a,OK,4.0,    
94.50,8.899,12575.5,-10831.1,1101.2,6.12,-2.34,-50.06,268.4,62.6,84.4,6.3,0.0,-0.1,n/a,OK,4.0,    
95.00,8.871,12568.1,-10762.9,1101.7,6.12,-2.33,-49.89,268.3,62.2,84.4,6.3,0.0,-0.1,n/a,OK,4.0,    
95.50,8.844,12560.8,-10694.7,1102.2,6.09,-2.33,-49.73,268.2,59.4,84.4,6.3,0.0,-0.1,n/a,OK,4.0,    
96.00,8.817,12553.5,-10626.6,1102.7,6.09,-2.32,-49.57,268.2,53.6,84.4,6.3,0.0,-0.1,n/a,OK,4.0,    
96.50,8.790,12546.2,-10558.5,1103.1,6.06,-2.32,-49.40,268.1,46.0,84.4,6.3,-0.1,-0.1,n/a,OK,4.0,    
97.00,8.764,12538.9,-10490.4,1103.4,6.06,-2.32,-49.23,268.0,34.4,84.4,6.2,-0.2,-0.1,n/a,OK,4.0,    
97.50,8.737,12531.6,-10422.3,1103.7,6.09,-2.31,-49.07,267.9,24.1,84.4,6.2,-0.3,-0.1,n/a,OK,4.0,    
98.00,8.710,12524.2,-10354.2,1103.8,6.13,-2.31,-48.90,267.9,19.5,84.3,6.2,-0.4,-0.1,n/a,OK,4.0,    
98.50,8.684,12516.9,-10286.1,1104.0,6.12,-2.31,-48.73,267.8,14.9,84.3,6.2,-0.4,-0.1,n/a,OK,4.0,    
99.00,8.657,12509.6,-10218.2,1104.1,6.14,-2.30,-48.56,267.3,5.9,84.3,6.1,-0.5,-0.1,n/a,OK,4.0,    
99.50,8.631,12502.3,-10150.3,1104.1,6.18,-2.30,-48.39,266.5,-9.7,84.3,6.1,-0.5,-0.1,n/a,OK,4.0,    
100.00,8.605,12495.0,-10082.7,1103.9,6.20,-2.29,-48.22,265.7,-26.6,84.5,6.1,0.7,-0.1,n/a,OK,4.0,    
100.50,8.579,12487.8,-10015.3,1103.6,6.23,-2.29,-48.05,265.0,-44.2,84.5,6.1,1.2,-0.1,n/a,OK,4.0,    
101.00,8.553,12480.7,-9948.1,1103.2,6.28,-2.29,-47.87,264.3,-60.9,84.5,6.1,1.0,-0.1,n/a,OK,4.0,    
101.50,8.527,12473.7,-9881.0,1102.6,6.31,-2.28,-47.70,263.6,-74.2,84.5,6.2,0.7,-0.1,n/a,OK,4.0,    
102.00,8.501,12466.7,-9814.1,1101.9,6.36,-2.28,-47.53,263.0,-87.1,84.6,6.2,0.6,-0.1,n/a,OK,4.0,    
102.50,8.476,12459.8,-9747.3,1101.2,6.40,-2.28,-47.35,262.3,-96.8,84.6,6.2,0.5,-0.1,n/a,OK,4.0,    
103.00,8.451,12453.0,-9680.7,1100.3,6.46,-2.28,-47.18,261.7,-104.5,84.6,6.3,0.5,-0.1,n/a,OK,4.0,    
103.50,8.426,12446.2,-9614.3,1099.4,6.55,-2.27,-47.00,261.0,-106.2,84.6,6.4,0.5,-0.1,n/a,OK,4.0,    
104.00,8.401,12439.5,-9548.0,1098.6,6.61,-2.27,-46.82,260.3,-100.8,84.7,6.4,0.5,-0.1,n/a,OK,4.0,    
104.50,8.376,12432.9,-9481.9,1097.8,6.63,-2.27,-46.65,259.7,-94.4,84.7,6.5,0.5,-0.1,n/a,OK,4.0,    
105.00,8.352,12426.3,-9415.9,1097.0,6.70,-2.27,-46.47,259.0,-86.1,84.7,6.6,0.5,-0.1,n/a,OK,4.0,    
105.50,8.327,12419.8,-9350.1,1096.4,6.75,-2.26,-46.29,258.3,-73.8,84.7,6.7,0.5,-0.1,n/a,OK,4.0,    
106.00,8.303,12413.4,-9284.5,1095.8,6.82,-2.26,-46.11,257.6,-58.1,84.7,6.7,0.5,-0.1,n/a,OK,4.0,    
106.50,8.279,12407.0,-9219.0,1095.4,6.88,-2.26,-45.93,257.0,-38.2,84.7,6.8,0.5,-0.1,n/a,OK,4.0,    
107.00,8.255,12400.7,-9153.7,1095.2,6.89,-2.25,-45.75,256.3,-16.7,84.7,6.9,0.5,-0.1,n/a,OK,4.0,    
107.50,8.231,12394.5,-9088.6,1095.2,6.91,-2.25,-45.57,255.6,2.4,84.7,6.9,0.5,-0.1,n/a,OK,4.0,    
108.00,8.208,12388.3,-9023.7,1095.3,6.92,-2.25,-45.38,254.9,20.4,84.7,7.0,0.5,-0.1,n/a,OK,4.0,    
108.50,8.184,12382.2,-8958.9,1095.5,6.94,-2.24,-45.20,253.9,27.5,84.8,7.0,0.5,-0.1,n/a,OK,4.0,    
109.00,8.161,12376.2,-8894.5,1095.7,7.02,-2.24,-45.02,252.4,27.9,84.8,7.1,0.5,-0.1,n/a,OK,4.0,    
109.50,8.138,12370.3,-8830.4,1096.0,6.99,-2.24,-44.83,250.8,46.4,84.8,7.0,0.5,-0.1,n/a,OK,4.0,    
110.00,8.116,12364.6,-8766.8,1096.5,6.70,-2.23,-44.65,249.1,71.7,84.9,6.8,0.6,-0.1,n/a,OK,4.0,    
110.50,8.093,12359.0,-8703.5,1097.1,6.44,-2.23,-44.47,247.5,90.4,84.9,6.7,0.7,-0.1,n/a,OK,4.0,    
111.00,8.071,12353.5,-8640.7,1098.0,6.26,-2.22,-44.28,245.8,113.2,85.0,6.6,0.7,-0.1,n/a,OK,4.0,    
111.50,8.050,12348.2,-8578.3,1099.0,6.04,-2.22,-44.10,244.0,140.5,85.0,6.4,0.7,-0.1,n/a,OK,4.0,    
112.00,8.028,12343.0,-8516.4,1100.3,5.85,-2.21,-43.92,242.1,163.9,85.0,6.3,0.6,-0.1,n/a,OK,4.0,    
112.50,8.007,12338.0,-8455.0,1101.7,5.70,-2.21,-43.73,240.4,175.2,85.0,6.1,0.6,-0.1,n/a,OK,4.0,    
113.00,7.986,12333.1,-8393.9,1103.2,5.61,-2.20,-43.55,238.7,185.2,85.0,6.1,0.6,-0.1,n/a,OK,4.0,    
113.50,7.965,12328.3,-8333.3,1104.8,5.42,-2.20,-43.37,237.1,189.6,85.0,5.9,0.6,-0.1,n/a,OK,4.0,    
114.00,7.945,12323.7,-8273.0,1106.3,5.19,-2.19,-43.18,235.6,175.0,85.1,5.6,0.6,-0.1,n/a,OK,4.0,    
114.50,7.925,12319.1,-8213.2,1107.6,5.03,-2.19,-43.00,234.0,146.8,85.1,5.4,0.6,-0.1,n/a,OK,4.0,    
115.00,7.905,12314.7,-8153.7,1108.6,4.85,-2.18,-42.82,232.4,107.2,85.2,5.1,0.6,-0.1,n/a,OK,4.0,    
115.50,7.885,12310.5,-8094.7,1109.3,4.72,-2.18,-42.63,230.7,54.6,85.2,4.8,0.6,-0.1,n/a,OK,4.0,    
116.00,7.866,12306.3,-8036.0,1109.5,4.61,-2.18,-42.45,228.9,-6.1,85.2,4.6,0.6,-0.1,n/a,OK,4.0,    
116.50,7.847,12302.3,-7977.9,1109.2,4.58,-2.17,-42.27,227.2,-69.1,85.2,4.4,0.6,-0.1,n/a,OK,4.0,    
117.00,7.828,12298.5,-7920.1,1108.3,4.63,-2.17,-42.09,225.6,-129.8,85.2,4.3,0.6,-0.1,n/a,OK,4.0,    
117.50,7.809,12294.7,-7862.7,1107.0,4.73,-2.17,-41.90,224.5,-182.1,85.2,4.3,0.6,-0.1,n/a,OK,4.0,    
118.00,7.791,12291.0,-7805.4,1105.3,4.86,-2.17,-41.72,223.9,-221.1,85.2,4.3,0.5,-0.1,n/a,OK,4.0,    
118.50,7.772,12287.4,-7748.4,1103.3,4.97,-2.17,-41.54,223.2,-252.0,85.2,4.3,0.5,-0.1,n/a,OK,4.0,    
119.00,7.754,12283.8,-7691.5,1101.1,5.12,-2.17,-41.36,222.4,-276.2,85.2,4.4,0.5,-0.1,n/a,OK,4.0,    
119.50,7.736,12280.4,-7634.8,1098.8,5.25,-2.17,-41.17,221.6,-291.0,85.3,4.5,0.4,-0.1,n/a,OK,4.0,    
120.00,7.718,12276.9,-7578.3,1096.3,5.36,-2.17,-40.99,220.8,-300.7,85.3,4.5,0.4,-0.1,n/a,OK,4.0,    
120.50,7.701,12273.6,-7522.1,1093.8,5.48,-2.17,-40.80,219.9,-303.0,85.4,4.7,0.5,-0.1,n/a,OK,4.0,    
121.00,7.683,12270.3,-7466.0,1091.3,5.61,-2.17,-40.62,218.9,-301.1,85.4,4.8,0.5,-0.1,n/a,OK,4.0,    
121.50,7.666,12267.1,-7410.2,1088.8,5.73,-2.17,-40.44,217.8,-293.5,85.4,5.0,0.5,-0.1,n/a,OK,4.0,    
122.00,7.649,12264.0,-7354.7,1086.4,5.87,-2.17,-40.25,216.9,-278.9,85.5,5.2,0.5,-0.1,n/a,OK,4.0,    
122.50,7.632,12260.9,-7299.4,1084.2,6.01,-2.17,-40.07,216.3,-253.8,85.5,5.4,0.5,-0.1,n/a,OK,4.0,    
123.00,7.615,12258.0,-7244.2,1082.3,6.11,-2.17,-39.88,215.6,-222.7,85.5,5.5,0.4,-0.1,n/a,OK,4.0,    
123.50,7.599,12255.0,-7189.2,1080.6,6.22,-2.17,-39.70,214.7,-189.8,85.5,5.7,0.4,-0.1,n/a,OK,4.0,    
124.00,7.582,12252.2,-7134.5,1079.1,6.33,-2.16,-39.51,213.4,-157.8,85.5,5.9,0.4,-0.1,n/a,OK,4.0,    
124.50,7.566,12249.5,-7080.2,1078.0,6.44,-2.16,-39.32,212.0,-125.0,85.4,6.1,-0.5,-0.1,n/a,OK,4.0,    
125.00,7.550,12246.8,-7026.2,1077.1,6.51,-2.16,-39.14,210.6,-93.2,85.1,6.2,-3.3,-0.1,n/a,OK,4.0,    
125.50,7.535,12244.1,-6972.5,1076.4,6.60,-2.16,-38.96,209.2,-66.7,84.7,6.4,-5.3,-0.1,n/a,OK,4.0,    
126.00,7.519,12241.3,-6919.3,1076.0,6.68,-2.16,-38.77,207.7,-41.1,84.3,6.6,-7.0,-0.1,n/a,OK,4.0,    
126.50,7.503,12238.3,-6866.5,1075.7,6.80,-2.15,-38.59,206.1,-21.0,83.6,6.7,-10.5,-0.1,n/a,OK,4.0,    
127.00,7.488,12235.0,-6814.1,1075.6,6.95,-2.15,-38.41,204.3,-16.9,82.8,6.8,-12.7,-0.1,n/a,OK,4.0,    
127.50,7.472,12231.2,-6762.3,1075.5,7.10,-2.15,-38.23,202.3,-17.6,82.2,6.9,-13.1,-0.1,n/a,OK,4.0,    
128.00,7.457,12227.1,-6711.1,1075.3,7.22,-2.15,-38.05,200.1,-21.0,81.6,7.0,-12.4,-0.1,n/a,OK,4.0,    
128.50,7.442,12222.5,-6660.6,1075.1,7.36,-2.14,-37.88,197.9,-25.2,81.1,7.1,-11.5,-0.1,n/a,OK,4.0,    
129.00,7.426,12217.7,-6610.7,1074.9,7.51,-2.14,-37.71,195.7,-26.1,80.2,7.2,-12.4,-0.1,n/a,OK,4.0,    
129.50,7.411,12212.5,-6561.3,1074.7,7.66,-2.14,-37.54,193.6,-40.2,79.2,7.2,-15.3,-0.1,n/a,OK,4.0,    
130.00,7.396,12206.8,-6512.7,1074.2,7.90,-2.14,-37.37,191.3,-71.1,78.1,7.3,-17.1,-0.1,n/a,OK,4.0,    
130.50,7.381,12200.7,-6464.7,1073.5,8.19,-2.14,-37.21,189.0,-103.4,77.1,7.5,-17.7,-0.1,n/a,OK,4.0,    
131.00,7.365,12194.0,-6417.5,1072.5,8.41,-2.13,-37.05,186.6,-136.0,76.3,7.7,-17.2,-0.1,n/a,OK,4.0,    
131.50,7.350,12186.8,-6371.0,1071.2,8.63,-2.13,-36.89,184.3,-167.5,75.6,7.8,-16.3,-0.1,n/a,OK,4.0,    
132.00,7.335,12179.1,-6325.2,1069.7,8.87,-2.13,-36.73,182.0,-195.4,74.8,8.0,-15.4,-0.1,n/a,OK,4.0,    
132.50,7.320,12171.0,-6280.1,1068.0,9.13,-2.13,-36.58,179.8,-223.3,74.0,8.2,-15.0,-0.1,n/a,OK,4.0,    
133.00,7.304,12162.5,-6235.7,1066.0,9.02,-2.13,-36.43,177.5,-246.1,73.2,7.9,-15.0,-0.1,n/a,OK,4.0,    
133.50,7.289,12153.7,-6192.1,1063.7,8.54,-2.13,-36.28,175.4,-307.1,72.6,7.2,-15.3,-0.1,n/a,OK,4.0,    
134.00,7.274,12144.5,-6149.0,1060.8,8.53,-2.13,-36.14,173.3,-397.9,71.8,6.9,-15.7,-0.1,n/a,OK,4.0,    
134.50,7.259,12134.9,-6106.7,1057.1,8.96,-2.13,-36.00,171.4,-483.6,70.8,7.0,-15.9,-0.1,n/a,OK,4.0,    
135.00,7.244,12125.0,-6065.0,1052.7,9.28,-2.14,-35.86,169.3,-560.3,69.9,7.1,-16.0,-0.1,n/a,OK,4.0,    
135.50,7.229,12114.7,-6024.0,1047.7,9.33,-2.14,-35.72,167.4,-644.1,69.1,6.9,-16.0,-0.1,n/a,OK,4.0,    
136.00,7.214,12104.0,-5983.6,1041.9,9.35,-2.14,-35.59,165.6,-738.9,68.3,6.6,-15.9,-0.1,n/a,OK,4.0,    
136.50,7.199,12092.9,-5943.8,1035.3,9.56,-2.15,-35.46,164.5,-830.9,67.5,6.5,-15.8,-0.1,n/a,OK,4.0,    
137.00,7.184,12081.3,-5904.4,1028.1,9.86,-2.16,-35.33,163.9,-907.2,66.6,6.5,-15.8,-0.1,n/a,OK,4.0,    
137.50,7.169,12069.2,-5865.3,1020.2,10.14,-2.16,-35.20,163.6,-975.5,65.7,6.5,-15.8,-0.1,n/a,OK,4.0,    
138.00,7.154,12056.5,-5826.6,1011.9,10.93,-2.17,-35.07,163.1,-1030.2,64.6,7.1,-16.0,-0.1,n/a,OK,4.0,    
138.50,7.138,12043.3,-5788.2,1003.2,11.35,-2.18,-34.95,162.4,-1049.4,63.5,7.4,-16.2,-0.1,n/a,OK,4.0,    
139.00,7.123,12029.6,-5750.3,994.3,10.10,-2.19,-34.83,161.8,-1090.9,63.0,6.0,-16.3,-0.1,n/a,OK,4.0,    
139.50,7.107,12015.3,-5712.7,984.8,9.66,-2.20,-34.71,161.9,-1179.8,62.3,5.3,-16.3,-0.1,n/a,OK,4.0,    
140.00,7.091,12000.4,-5675.4,974.6,10.24,-2.21,-34.59,162.2,-1252.1,61.3,5.7,-16.1,-0.1,n/a,OK,4.0,    
140.50,7.075,11984.9,-5638.4,964.1,11.07,-2.22,-34.47,162.6,-1278.2,60.3,6.4,-16.1,-0.1,n/a,OK,4.0,    
141.00,7.058,11968.6,-5601.5,953.5,11.42,-2.23,-34.36,162.9,-1276.5,59.3,6.8,-15.9,-0.1,n/a,OK,4.0,    
141.50,7.041,11951.7,-5565.0,942.9,11.33,-2.24,-34.25,163.1,-1270.4,58.7,6.8,-14.6,-0.1,n/a,OK,4.0,    
142.00,7.025,11934.3,-5528.8,932.3,11.09,-2.25,-34.14,163.1,-1262.5,58.4,6.8,-12.1,-0.1,n/a,OK,4.0,    
142.50,7.008,11916.3,-5492.8,921.8,10.97,-2.27,-34.03,163.3,-1250.3,58.1,6.8,-10.1,-0.1,n/a,OK,4.0,    
143.00,6.990,11897.9,-5457.0,911.5,10.96,-2.28,-33.92,163.9,-1224.9,57.6,6.8,-9.7,-0.1,n/a,OK,4.0,    
143.50,6.973,11879.0,-5421.2,901.5,10.94,-2.29,-33.81,164.7,-1188.5,56.9,7.0,-10.6,-0.1,n/a,OK,4.0,    
144.00,6.955,11859.5,-5385.5,891.8,10.93,-2.30,-33.70,165.7,-1142.9,56.1,7.1,-12.0,-0.1,n/a,OK,4.0,    
144.50,6.937,11839.4,-5349.9,882.5,10.95,-2.31,-33.59,167.0,-1084.2,55.3,7.3,-13.0,-0.1,n/a,OK,4.0,    
145.00,6.919,11818.5,-5314.4,873.7,11.00,-2.32,-33.49,167.9,-1017.8,54.5,7.6,-13.3,-0.1,n/a,OK,4.0,    
145.50,6.901,11797.0,-5279.2,865.6,11.08,-2.32,-33.39,168.3,-956.3,54.4,8.0,-10.9,-0.1,n/a,OK,4.0,    
146.00,6.882,11775.0,-5244.2,858.0,11.37,-2.33,-33.28,168.6,-862.1,55.9,8.7,-3.1,-0.1,n/a,OK,4.0,    
146.50,6.863,11752.8,-5209.2,851.3,11.06,-2.34,-33.18,169.0,-738.3,57.3,8.7,4.5,-0.1,n/a,OK,4.0,    
147.00,6.845,11730.7,-5173.9,845.5,10.26,-2.34,-33.08,169.6,-650.4,57.4,8.1,7.0,-0.1,n/a,OK,4.0,    
147.50,6.826,11708.7,-5138.4,840.4,9.79,-2.35,-32.97,170.4,-592.1,57.2,7.9,7.0,-0.1,n/a,OK,4.0,    
148.00,6.807,11686.8,-5102.5,835.7,9.96,-2.35,-32.86,171.2,-523.1,56.9,8.3,4.5,-0.1,n/a,OK,4.0,    
148.50,6.789,11665.0,-5066.4,831.8,10.06,-2.35,-32.75,171.7,-429.5,56.8,8.7,2.3,-0.1,n/a,OK,4.0,    
149.00,6.770,11643.1,-5030.1,828.6,9.74,-2.35,-32.64,172.2,-334.2,57.0,8.7,1.4,-0.1,n/a,OK,4.0,    
149.50,6.751,11621.2,-4993.7,826.2,9.37,-2.35,-32.53,172.7,-257.4,57.4,8.6,2.0,-0.1,n/a,OK,4.0,    
150.00,6.733,11599.3,-4957.1,824.3,9.21,-2.35,-32.41,173.0,-193.0,58.1,8.6,3.3,-0.1,n/a,OK,4.0,    
150.50,6.714,11577.5,-4920.4,823.0,9.18,-2.35,-32.30,173.3,-128.3,58.6,8.8,4.9,-0.1,n/a,OK,4.0,    
151.00,6.695,11555.8,-4883.5,822.1,8.99,-2.35,-32.18,173.7,-74.0,58.8,8.8,4.7,-0.1,n/a,OK,4.0,    
151.50,6.677,11534.2,-4846.4,821.7,8.91,-2.35,-32.06,174.0,-24.8,57.0,8.8,-3.6,-0.1,n/a,OK,4.0,    
152.00,6.658,11512.6,-4809.4,821.7,8.69,-2.34,-31.95,173.9,17.5,55.1,8.5,-11.0,-0.1,n/a,OK,4.0,    
152.50,6.639,11490.5,-4772.6,821.9,8.34,-2.34,-31.83,173.9,27.6,54.4,8.1,-14.3,-0.1,n/a,OK,4.0,    
153.00,6.620,11467.9,-4736.2,822.1,8.19,-2.34,-31.71,173.8,13.7,54.2,8.0,-14.2,-0.1,n/a,OK,4.0,    
153.50,6.601,11444.8,-4700.3,822.2,8.20,-2.33,-31.60,173.8,15.4,54.2,8.2,-11.2,-0.1,n/a,OK,4.0,    
154.00,6.582,11421.2,-4664.6,822.4,8.24,-2.33,-31.49,173.8,31.9,55.0,8.5,-5.7,-0.1,n/a,OK,4.0,    
154.50,6.563,11397.5,-4629.1,822.8,8.10,-2.32,-31.38,173.9,64.9,55.7,8.4,-0.6,-0.1,n/a,OK,4.0,    
155.00,6.544,11373.7,-4593.5,823.4,7.78,-2.32,-31.26,174.2,82.8,55.9,8.1,2.6,-0.1,n/a,OK,4.0,    
155.50,6.525,11349.9,-4557.8,824.1,7.65,-2.32,-31.15,174.6,85.9,55.3,8.0,1.7,-0.1,n/a,OK,4.0,    
156.00,6.506,11326.2,-4522.0,824.8,7.61,-2.31,-31.03,174.9,90.0,54.4,7.9,-2.4,-0.1,n/a,OK,4.0,    
156.50,6.486,11302.4,-4486.2,825.6,7.53,-2.31,-30.92,175.0,92.4,53.8,7.9,-4.8,-0.1,n/a,OK,4.0,    
157.00,6.467,11278.4,-4450.5,826.3,7.42,-2.30,-30.80,174.8,80.5,53.6,7.7,-4.7,-0.1,n/a,OK,4.0,    
157.50,6.448,11254.3,-4415.0,826.9,7.40,-2.30,-30.69,174.3,60.9,53.4,7.7,-4.6,-0.1,n/a,OK,4.0,    
158.00,6.429,11230.1,-4379.8,827.3,7.40,-2.29,-30.57,173.9,38.3,53.3,7.6,-5.1,-0.1,n/a,OK,4.0,    
158.50,6.410,11205.8,-4344.7,827.5,7.36,-2.29,-30.46,173.4,12.4,53.1,7.5,-5.6,-0.1,n/a,OK,4.0,    
159.00,6.391,11181.4,-4309.9,827.5,7.37,-2.29,-30.35,173.1,-16.6,52.8,7.4,-5.9,-0.1,n/a,OK,4.0,    
159.50,6.371,11156.9,-4275.2,827.2,7.39,-2.28,-30.23,172.7,-48.0,52.6,7.3,-6.0,-0.1,n/a,OK,4.0,    
160.00,6.352,11132.3,-4240.8,826.6,6.61,-2.28,-30.12,172.4,-79.8,52.4,6.4,-5.8,-0.1,n/a,OK,4.0,    
160.50,6.333,11107.6,-4206.6,825.5,6.04,-2.28,-30.01,172.3,-184.0,52.3,5.5,-5.6,-0.1,n/a,OK,4.0,    
161.00,6.314,11082.7,-4172.6,823.5,7.37,-2.28,-29.90,172.4,-314.2,51.9,6.5,-5.4,-0.1,n/a,OK,4.0,    
161.50,6.295,11057.6,-4138.6,821.2,9.29,-2.28,-29.79,172.0,-252.6,51.3,8.5,-5.6,-0.1,n/a,OK,4.0,    
162.00,6.276,11032.4,-4105.0,819.4,8.33,-2.28,-29.68,171.4,-185.2,51.1,7.8,-5.7,-0.1,n/a,OK,4.0,    
162.50,6.257,11007.2,-4071.6,817.6,7.15,-2.28,-29.56,171.2,-220.5,50.9,6.5,-5.8,-0.1,n/a,OK,4.0,    
163.00,6.237,10981.7,-4038.3,815.5,7.41,-2.27,-29.45,171.1,-288.8,50.5,6.5,-5.8,-0.1,n/a,OK,4.0,    
163.50,6.218,10956.1,-4005.2,813.1,8.37,-2.27,-29.35,170.9,-300.3,50.2,7.5,-5.9,-0.1,n/a,OK,4.0,    
164.00,6.199,10930.4,-3972.4,810.7,8.74,-2.27,-29.24,170.5,-264.1,49.8,7.9,-5.9,-0.1,n/a,OK,4.0,    
164.50,6.180,10904.6,-3939.8,808.6,8.41,-2.27,-29.13,170.1,-238.4,49.5,7.7,-5.9,-0.1,n/a,OK,4.0,    
165.00,6.161,10878.6,-3907.4,806.6,8.18,-2.27,-29.02,169.9,-239.7,49.3,7.4,-5.9,-0.1,n/a,OK,4.0,    
165.50,6.141,10852.5,-3875.2,804.6,8.34,-2.27,-28.91,169.6,-241.7,49.0,7.6,-5.9,-0.1,n/a,OK,4.0,    
166.00,6.122,10826.3,-3843.3,802.7,8.63,-2.27,-28.81,169.3,-227.5,48.7,7.9,-5.8,-0.1,n/a,OK,4.0,    
166.50,6.103,10799.9,-3811.6,800.9,8.64,-2.27,-28.70,168.9,-204.1,48.4,8.0,-6.0,-0.1,n/a,OK,4.0,    
167.00,6.084,10773.4,-3780.1,799.3,8.55,-2.27,-28.60,168.6,-191.6,48.0,7.9,-6.5,-0.1,n/a,OK,4.0,    
167.50,6.065,10746.8,-3748.9,797.7,8.53,-2.27,-28.49,168.2,-185.6,47.6,7.9,-6.9,-0.1,n/a,OK,4.0,    
168.00,6.046,10720.1,-3717.9,796.2,8.62,-2.27,-28.39,167.9,-177.3,47.2,8.0,-7.1,-0.1,n/a,OK,4.0,    
168.50,6.026,10693.2,-3687.2,794.8,8.69,-2.26,-28.29,167.5,-166.4,46.8,8.1,-7.0,-0.1,n/a,OK,4.0,    
169.00,6.007,10666.1,-3656.8,793.4,8.65,-2.26,-28.18,167.2,-156.5,46.5,8.1,-6.8,-0.1,n/a,OK,4.0,    
169.50,5.988,10639.0,-3626.6,792.1,8.64,-2.26,-28.08,166.8,-149.8,46.1,8.1,-6.7,-0.1,n/a,OK,4.0,    
170.00,5.969,10611.7,-3596.8,790.9,8.62,-2.26,-27.98,166.5,-146.0,45.7,8.1,-6.6,-0.1,n/a,OK,4.0,    
170.50,5.949,10584.2,-3567.1,789.7,8.66,-2.26,-27.88,166.1,-142.5,45.4,8.2,-6.6,-0.1,n/a,OK,4.0,    
171.00,5.930,10556.7,-3537.8,788.5,8.66,-2.25,-27.79,165.7,-139.3,45.0,8.2,-6.7,-0.1,n/a,OK,4.0,    
171.50,5.911,10529.0,-3508.6,787.4,8.67,-2.25,-27.69,165.4,-138.0,44.7,8.2,-6.8,-0.1,n/a,OK,4.0,    
172.00,5.892,10501.2,-3479.8,786.2,8.63,-2.25,-27.59,165.0,-139.6,44.3,8.2,-6.8,-0.1,n/a,OK,4.0,    
172.50,5.873,10473.3,-3451.3,785.0,8.66,-2.25,-27.50,164.7,-152.5,44.2,8.2,-5.8,-0.1,n/a,OK,4.0,    
173.00,5.853,10445.3,-3423.0,783.6,8.86,-2.25,-27.40,164.4,-192.1,45.6,8.3,6.8,-0.1,n/a,OK,4.0,    
173.50,5.834,10417.4,-3394.6,781.9,9.27,-2.24,-27.31,164.3,-204.4,48.1,8.2,16.4,-0.1,n/a,OK,4.0,    
174.00,5.815,10390.0,-3365.6,780.1,9.00,-2.24,-27.21,164.4,-243.4,48.9,7.9,19.3,-0.1,n/a,OK,4.0,    
174.50,5.797,10363.1,-3336.0,777.8,8.75,-2.24,-27.10,164.6,-292.5,48.4,7.8,14.8,-0.1,n/a,OK,4.0,    
175.00,5.778,10336.7,-3306.0,775.3,8.70,-2.24,-26.99,164.7,-316.0,48.4,7.7,10.0,-0.1,n/a,OK,4.0,    
175.50,5.759,10310.5,-3275.7,772.6,8.78,-2.24,-26.88,164.7,-328.4,49.0,7.7,7.8,-0.1,n/a,OK,4.0,    
176.00,5.741,10284.6,-3245.2,769.8,8.99,-2.24,-26.77,164.7,-332.3,49.8,7.8,7.3,-0.1,n/a,OK,4.0,    
176.50,5.723,10258.9,-3214.4,767.1,9.03,-2.24,-26.65,164.7,-327.7,50.0,7.9,5.2,-0.1,n/a,OK,4.0,    
177.00,5.705,10233.3,-3183.5,764.4,9.01,-2.25,-26.54,164.6,-321.7,50.2,7.9,3.3,-0.1,n/a,OK,4.0,    
177.50,5.686,10207.9,-3152.5,761.7,8.98,-2.25,-26.42,164.8,-312.9,50.3,7.9,2.2,-0.1,n/a,OK,4.0,    
178.00,5.668,10182.5,-3121.3,759.2,9.01,-2.25,-26.30,165.1,-298.8,50.3,8.0,1.1,-0.1,n/a,OK,4.0,    
178.50,5.650,10157.1,-3090.1,756.8,9.04,-2.25,-26.17,165.4,-277.5,50.1,8.1,0.0,-0.1,n/a,OK,4.0,    
179.00,5.632,10131.6,-3058.8,754.6,9.02,-2.25,-26.05,165.7,-253.4,50.0,8.2,-0.2,-0.1,n/a,OK,4.0,    
179.50,5.614,10106.1,-3027.5,752.6,8.98,-2.24,-25.93,165.9,-229.2,49.9,8.2,0.2,-0.1,n/a,OK,4.0,    
180.00,5.596,10080.6,-2996.1,750.8,8.98,-2.24,-25.80,166.1,-204.7,49.7,8.3,0.2,-0.1,n/a,OK,4.0,    
180.50,5.578,10055.0,-2964.7,749.2,8.93,-2.24,-25.68,166.2,-178.5,49.7,8.3,0.3,-0.1,n/a,OK,4.0,    
181.00,5.560,10029.4,-2933.3,747.8,8.91,-2.24,-25.55,166.4,-153.5,49.7,8.3,0.5,-0.1,n/a,OK,4.0,    
181.50,5.542,10003.8,-2901.8,746.6,8.10,-2.24,-25.43,166.5,-131.7,49.8,7.6,0.8,-0.1,n/a,OK,4.0,    
182.00,5.523,9978.1,-2870.3,745.3,7.54,-2.24,-25.30,166.9,-169.2,49.9,6.9,0.8,-0.1,n/a,OK,4.0,    
182.50,5.505,9952.5,-2838.7,743.7,7.76,-2.24,-25.17,167.3,-209.8,49.9,7.0,0.5,-0.1,n/a,OK,4.0,    
183.00,5.487,9926.7,-2807.0,741.9,8.15,-2.23,-25.04,167.5,-220.2,49.9,7.4,-0.1,-0.1,n/a,OK,4.0,    
183.50,5.469,9900.9,-2775.3,740.1,8.11,-2.23,-24.91,167.7,-214.8,49.9,7.3,-0.5,-0.1,n/a,OK,4.0,    
184.00,5.451,9875.1,-2743.5,738.3,7.84,-2.23,-24.77,168.0,-223.3,49.8,7.0,-0.7,-0.1,n/a,OK,4.0,    
184.50,5.433,9849.2,-2711.7,736.3,7.71,-2.23,-24.64,168.3,-245.2,49.8,6.8,-0.5,-0.1,n/a,OK,4.0,    
185.00,5.415,9823.2,-2679.9,734.2,7.82,-2.23,-24.50,168.7,-263.7,49.7,6.9,-0.9,-0.1,n/a,OK,4.0,    
185.50,5.397,9797.1,-2648.0,732.0,7.87,-2.23,-24.37,168.9,-271.6,49.4,6.9,-2.3,-0.1,n/a,OK,4.0,    
186.00,5.378,9770.9,-2616.2,729.7,7.89,-2.23,-24.23,169.2,-277.7,49.3,6.9,-2.5,-0.1,n/a,OK,4.0,    
186.50,5.360,9744.5,-2584.4,727.3,7.83,-2.23,-24.10,169.5,-283.9,49.4,6.8,-1.2,-0.1,n/a,OK,4.0,    
187.00,5.342,9718.0,-2552.6,724.9,7.78,-2.23,-23.96,170.0,-288.6,49.5,6.7,0.4,-0.1,n/a,OK,4.0,    
187.50,5.324,9691.5,-2520.7,722.5,7.84,-2.23,-23.82,170.5,-287.7,49.6,6.8,1.2,-0.1,n/a,OK,4.0,    
188.00,5.305,9664.8,-2488.6,720.2,7.79,-2.23,-23.68,171.1,-281.3,49.5,6.8,1.0,-0.1,n/a,OK,4.0,    
188.50,5.287,9638.1,-2456.4,717.9,7.77,-2.23,-23.54,171.6,-273.3,49.4,6.9,0.1,-0.1,n/a,OK,4.0,    
189.00,5.269,9611.4,-2424.2,715.6,7.72,-2.23,-23.39,172.0,-263.6,49.2,6.9,-1.7,-0.1,n/a,OK,4.0,    
189.50,5.250,9584.5,-2391.9,713.5,7.67,-2.23,-23.25,172.4,-253.4,48.6,6.9,-4.8,-0.1,n/a,OK,4.0,    
190.00,5.232,9557.3,-2359.7,711.4,7.63,-2.23,-23.11,172.7,-249.5,48.0,6.9,-8.2,-0.1,n/a,OK,4.0,    
190.50,5.213,9529.9,-2327.6,709.3,7.65,-2.23,-22.96,173.0,-250.0,47.5,6.9,-9.9,-0.1,n/a,OK,4.0,    
191.00,5.194,9502.1,-2295.8,707.2,7.60,-2.23,-22.82,173.2,-251.1,46.9,6.8,-10.8,-0.1,n/a,OK,4.0,    
191.50,5.176,9474.0,-2264.4,705.1,7.54,-2.23,-22.68,173.5,-255.6,46.4,6.7,-11.2,-0.1,n/a,OK,4.0,    
192.00,5.157,9445.5,-2233.2,702.9,7.52,-2.22,-22.54,173.7,-261.0,45.8,6.7,-11.3,-0.1,n/a,OK,4.0,    
192.50,5.138,9416.6,-2202.3,700.7,7.56,-2.22,-22.40,174.0,-262.6,45.2,6.7,-11.1,-0.1,n/a,OK,4.0,    
193.00,5.118,9387.3,-2171.7,698.6,7.53,-2.22,-22.26,174.1,-262.4,44.6,6.7,-11.1,-0.1,n/a,OK,4.0,    
193.50,5.099,9357.6,-2141.4,696.4,7.53,-2.22,-22.12,174.3,-260.5,43.9,6.7,-11.4,-0.1,n/a,OK,4.0,    
194.00,5.080,9327.6,-2111.5,694.2,7.49,-2.22,-21.99,174.8,-256.9,43.3,6.6,-11.8,-0.1,n/a,OK,4.0,    
194.50,5.060,9297.1,-2081.8,692.1,7.49,-2.22,-21.85,175.7,-245.7,42.6,6.7,-12.2,-0.1,n/a,OK,4.0,    
195.00,5.040,9266.0,-2052.5,690.1,7.50,-2.22,-21.72,176.5,-230.3,42.0,6.7,-12.3,-0.1,n/a,OK,4.0,    
195.50,5.020,9234.4,-2023.4,688.3,7.50,-2.22,-21.59,177.6,-204.5,41.4,6.8,-12.4,-0.1,n/a,OK,4.0,    
196.00,5.000,9202.2,-1994.5,686.8,7.44,-2.22,-21.46,178.7,-170.5,40.8,6.8,-12.2,-0.1,n/a,OK,4.0,    
196.50,4.979,9169.4,-1966.0,685.5,7.39,-2.21,-21.33,179.7,-134.0,40.2,6.9,-12.1,-0.1,n/a,OK,4.0,    
197.00,4.958,9136.1,-1937.8,684.5,7.37,-2.21,-21.20,180.0,-101.3,39.7,7.0,-12.0,-0.1,n/a,OK,4.0,    
197.50,4.937,9102.5,-1910.0,683.8,7.31,-2.20,-21.07,179.9,-72.9,39.1,7.0,-11.9,-0.1,n/a,OK,4.0,    
198.00,4.916,9068.7,-1882.7,683.3,7.20,-2.20,-20.95,179.5,-54.4,38.6,6.9,-11.8,-0.1,n/a,OK,4.0,    
198.50,4.895,9034.6,-1855.8,682.9,7.69,-2.20,-20.83,179.3,-46.5,37.9,7.4,-11.8,-0.1,n/a,OK,4.0,    
199.00,4.874,9000.2,-1829.4,682.8,8.19,-2.19,-20.71,178.9,29.8,37.2,8.1,-11.9,-0.1,n/a,OK,4.0,    
199.50,4.853,8965.7,-1803.5,683.4,7.86,-2.18,-20.60,178.7,105.8,36.6,8.0,-11.9,-0.1,n/a,OK,4.0,    
200.00,4.832,8930.8,-1778.0,684.5,7.47,-2.18,-20.48,178.5,146.3,36.0,7.7,-12.0,-0.1,n/a,OK,4.0,    
200.50,4.811,8895.7,-1753.0,685.8,7.55,-2.17,-20.37,178.4,176.9,35.4,7.9,-12.0,-0.1,n/a,OK,4.0,    
201.00,4.789,8860.3,-1728.6,687.5,7.71,-2.16,-20.26,178.2,223.6,34.8,8.2,-12.0,-0.1,n/a,OK,4.0,    
201.50,4.768,8824.8,-1704.6,689.6,7.67,-2.15,-20.15,177.6,269.0,34.1,8.2,-12.0,-0.1,n/a,OK,4.0,    
202.00,4.747,8789.1,-1681.1,691.9,7.50,-2.14,-20.05,176.8,291.6,33.6,8.2,-11.9,-0.1,n/a,OK,4.0,    
202.50,4.725,8753.4,-1658.2,694.5,8.37,-2.13,-19.94,175.9,325.5,32.8,9.1,-12.0,-0.1,n/a,OK,4.0,    
203.00,4.704,8717.6,-1635.9,697.6,8.40,-2.11,-19.85,174.9,405.7,32.1,9.4,-12.0,-0.1,n/a,OK,4.0,    
203.50,4.683,8681.8,-1614.2,701.2,7.96,-2.10,-19.75,174.0,453.9,31.6,9.0,-12.0,-0.1,n/a,OK,4.0,    
204.00,4.662,8645.9,-1593.0,705.0,7.82,-2.09,-19.66,173.4,476.4,31.0,9.0,-12.0,-0.1,n/a,OK,4.0,    
204.50,4.641,8609.9,-1572.3,709.1,8.04,-2.07,-19.57,172.8,504.9,30.3,9.3,-12.0,-0.1,n/a,OK,4.0,    
205.00,4.619,8573.8,-1552.2,713.5,8.18,-2.06,-19.48,171.7,537.2,29.7,9.5,-12.0,-0.1,n/a,OK,4.0,    
205.50,4.598,8537.8,-1532.7,718.1,8.04,-2.04,-19.39,170.3,555.3,29.1,9.5,-12.0,-0.1,n/a,OK,4.0,    
206.00,4.577,8501.9,-1513.8,722.7,7.96,-2.02,-19.31,169.0,557.1,28.6,9.4,-11.9,-0.1,n/a,OK,4.0,    
206.50,4.557,8466.1,-1495.5,727.3,7.93,-2.01,-19.23,167.8,549.9,28.2,9.4,-11.0,-0.1,n/a,OK,4.0,    
207.00,4.536,8430.4,-1477.8,731.9,7.97,-1.99,-19.16,166.6,542.0,28.1,9.5,-8.4,-0.1,n/a,OK,4.0,    
207.50,4.515,8394.8,-1460.5,736.4,8.03,-1.98,-19.08,165.4,541.4,28.1,9.6,-4.8,-0.1,n/a,OK,4.0,    
208.00,4.495,8359.4,-1443.4,740.9,8.00,-1.96,-19.01,164.4,539.9,28.2,9.6,-2.4,-0.1,n/a,OK,4.0,    
208.50,4.475,8324.2,-1426.6,745.4,7.94,-1.94,-18.94,163.3,529.8,28.2,9.5,-0.6,-0.1,n/a,OK,4.0,    
209.00,4.455,8289.2,-1409.9,749.7,7.94,-1.93,-18.87,162.3,511.1,28.2,9.5,0.0,-0.1,n/a,OK,4.0,    
209.50,4.435,8254.5,-1393.3,753.9,8.03,-1.91,-18.79,161.3,489.1,27.9,9.5,-1.7,-0.1,n/a,OK,4.0,    
210.00,4.415,8220.0,-1376.8,757.8,8.04,-1.90,-18.72,160.3,464.2,27.4,9.4,-4.4,-0.1,n/a,OK,4.0,    
210.50,4.395,8185.6,-1360.5,761.6,8.10,-1.88,-18.65,159.3,430.4,27.3,9.3,-5.1,-0.1,n/a,OK,4.0,    
211.00,4.375,8151.5,-1344.6,765.0,8.14,-1.87,-18.58,158.3,395.1,27.1,9.3,-5.0,-0.1,n/a,OK,4.0,    
211.50,4.356,8117.4,-1328.9,768.1,8.24,-1.85,-18.51,157.4,358.0,27.0,9.2,-5.2,-0.1,n/a,OK,4.0,    
212.00,4.336,8083.6,-1313.4,770.9,8.31,-1.84,-18.44,156.4,320.0,26.7,9.2,-5.4,-0.1,n/a,OK,4.0,    
212.50,4.317,8049.9,-1298.3,773.4,8.38,-1.83,-18.37,155.5,279.2,26.4,9.1,-5.5,-0.1,n/a,OK,4.0,    
213.00,4.298,8016.3,-1283.4,775.6,8.50,-1.81,-18.30,154.6,237.1,26.0,9.1,-5.6,-0.1,n/a,OK,4.0,    
213.50,4.279,7982.8,-1268.8,777.4,8.57,-1.80,-18.24,153.7,193.1,25.6,9.0,-5.8,-0.1,n/a,OK,4.0,    
214.00,4.260,7949.5,-1254.5,778.8,8.69,-1.79,-18.18,152.9,147.1,25.2,9.0,-5.8,-0.1,n/a,OK,4.0,    
214.50,4.241,7916.3,-1240.4,779.8,8.81,-1.78,-18.11,152.0,101.1,24.8,9.0,-5.9,-0.1,n/a,OK,4.0,    
215.00,4.222,7883.3,-1226.7,780.5,8.93,-1.77,-18.05,151.2,54.0,24.5,8.9,-6.0,-0.1,n/a,OK,4.0,    
215.50,4.203,7850.3,-1213.2,780.7,9.00,-1.77,-17.99,150.4,5.3,24.1,8.9,-6.1,-0.1,n/a,OK,4.0,    
216.00,4.185,7817.4,-1200.0,780.5,9.13,-1.76,-17.93,149.7,-44.0,23.8,8.9,-6.1,-0.1,n/a,OK,4.0,    
216.50,4.166,7784.7,-1187.1,780.0,9.26,-1.75,-17.88,149.1,-88.5,23.6,8.9,-6.0,-0.1,n/a,OK,4.0,    
217.00,4.148,7751.9,-1174.4,779.1,9.33,-1.75,-17.82,149.2,-120.4,23.5,9.0,-4.8,-0.1,n/a,OK,4.0,    
217.50,4.129,7719.0,-1162.0,778.0,9.42,-1.74,-17.77,149.6,-136.2,23.6,9.0,-3.1,-0.1,n/a,OK,4.0,    
218.00,4.110,7685.9,-1149.6,776.8,9.50,-1.74,-17.71,150.1,-143.8,23.7,9.1,-1.7,-0.1,n/a,OK,4.0,    
218.50,4.091,7652.7,-1137.2,775.6,9.58,-1.73,-17.66,150.5,-144.9,23.8,9.2,-0.5,-0.1,n/a,OK,4.0,    
219.00,4.073,7619.3,-1124.9,774.5,9.60,-1.73,-17.60,150.8,-141.8,23.6,9.2,-0.8,-0.1,n/a,OK,4.0,    
219.50,4.054,7586.0,-1112.6,773.3,9.63,-1.72,-17.55,150.9,-139.9,23.0,9.3,-3.2,-0.1,n/a,OK,4.0,    
220.00,4.035,7552.5,-1100.3,772.1,9.67,-1.71,-17.49,150.9,-141.4,22.7,9.3,-4.9,-0.1,n/a,OK,4.0,    
220.50,4.016,7519.0,-1088.3,770.9,9.73,-1.71,-17.44,150.9,-140.7,22.7,9.4,-4.5,-0.1,n/a,OK,4.0,    
221.00,3.997,7485.5,-1076.5,769.8,9.71,-1.70,-17.39,150.7,-141.8,22.6,9.4,-4.1,-0.1,n/a,OK,4.0,    
221.50,3.979,7452.0,-1064.9,768.6,9.72,-1.70,-17.34,150.6,-145.7,22.4,9.4,-3.7,-0.1,n/a,OK,4.0,    
222.00,3.960,7418.4,-1053.4,767.3,9.73,-1.69,-17.29,150.5,-148.1,22.4,9.4,-2.7,-0.1,n/a,OK,4.0,    
222.50,3.941,7384.8,-1042.0,766.1,9.73,-1.69,-17.23,150.6,-145.0,22.4,9.5,-1.6,-0.1,n/a,OK,4.0,    
223.00,3.922,7351.2,-1030.7,765.0,9.77,-1.68,-17.18,150.8,-137.1,22.4,9.5,-0.6,-0.1,n/a,OK,4.0,    
223.50,3.903,7317.4,-1019.4,763.9,9.78,-1.67,-17.13,151.1,-122.7,22.4,9.6,0.1,-0.1,n/a,OK,4.0,    
224.00,3.884,7283.6,-1008.0,762.9,9.75,-1.67,-17.08,151.4,-105.8,22.3,9.6,0.2,-0.1,n/a,OK,4.0,    
224.50,3.865,7249.8,-996.7,762.1,9.73,-1.66,-17.03,151.6,-90.0,22.1,9.6,-1.0,-0.1,n/a,OK,4.0,    
225.00,3.846,7215.8,-985.4,761.4,9.72,-1.65,-16.98,151.8,-73.7,21.8,9.6,-2.1,-0.1,n/a,OK,4.0,    
225.50,3.827,7181.9,-974.1,760.9,9.71,-1.65,-16.93,151.9,-58.0,21.9,9.7,-1.9,-0.1,n/a,OK,4.0,    
226.00,3.808,7147.8,-963.0,760.5,9.74,-1.64,-16.87,151.9,-43.0,22.1,9.7,-0.6,-0.1,n/a,OK,4.0,    
226.50,3.789,7113.8,-951.8,760.2,9.68,-1.63,-16.82,151.9,-28.4,22.2,9.7,0.3,-0.1,n/a,OK,4.0,    
227.00,3.770,7079.8,-940.7,760.0,9.65,-1.62,-16.77,151.9,-16.2,22.0,9.6,-0.2,-0.1,n/a,OK,4.0,    
227.50,3.751,7045.7,-929.5,759.9,9.58,-1.61,-16.72,152.0,-6.7,21.7,9.6,-1.7,-0.1,n/a,OK,4.0,    
228.00,3.732,7011.6,-918.5,759.9,9.63,-1.60,-16.66,151.9,2.9,21.2,9.7,-4.0,-0.1,n/a,OK,4.0,    
228.50,3.713,6977.6,-907.5,759.9,9.59,-1.59,-16.61,151.8,7.1,20.9,9.7,-5.2,-0.1,n/a,OK,4.0,    
229.00,3.694,6943.4,-896.8,760.0,9.57,-1.58,-16.56,151.6,9.0,20.7,9.7,-5.2,-0.1,n/a,OK,4.0,    
229.50,3.675,6909.3,-886.3,760.1,9.55,-1.57,-16.51,151.4,10.3,20.4,9.6,-5.3,-0.1,n/a,OK,4.0,    
230.00,3.656,6875.2,-876.1,760.2,9.51,-1.56,-16.46,151.3,7.3,20.1,9.6,-5.5,-0.1,n/a,OK,4.0,    
230.50,3.637,6841.0,-866.0,760.2,9.53,-1.55,-16.41,151.2,2.4,19.7,9.6,-5.8,-0.1,n/a,OK,4.0,    
231.00,3.618,6806.8,-856.2,760.2,9.53,-1.54,-16.37,151.0,-2.8,19.3,9.6,-6.0,-0.1,n/a,OK,4.0,    
231.50,3.599,6772.6,-846.7,760.1,9.53,-1.53,-16.32,150.9,-9.6,18.9,9.5,-6.0,-0.1,n/a,OK,4.0,    
232.00,3.580,6738.4,-837.4,760.0,9.55,-1.52,-16.28,150.7,-18.5,18.6,9.5,-5.5,-0.1,n/a,OK,4.0,    
232.50,3.561,6704.1,-828.4,759.8,9.57,-1.51,-16.24,150.5,-27.1,18.6,9.5,-4.5,-0.1,n/a,OK,4.0,    
233.00,3.542,6669.9,-819.5,759.6,9.59,-1.50,-16.20,150.3,-34.8,18.5,9.5,-3.3,-0.1,n/a,OK,4.0,    
233.50,3.523,6635.7,-810.8,759.2,9.58,-1.49,-16.16,150.1,-42.0,18.7,9.5,-1.4,-0.1,n/a,OK,4.0,    
234.00,3.504,6601.4,-802.2,758.9,9.61,-1.48,-16.13,150.0,-47.0,18.8,9.5,-0.5,-0.1,n/a,OK,4.0,    
234.50,3.485,6567.3,-793.6,758.5,9.62,-1.47,-16.09,149.9,-50.2,18.8,9.5,-0.3,-0.1,n/a,OK,4.0,    
235.00,3.467,6533.1,-785.0,758.0,9.59,-1.46,-16.05,149.9,-55.5,18.8,9.4,-0.3,-0.1,n/a,OK,4.0,    
235.50,3.448,6498.9,-776.4,757.5,9.64,-1.45,-16.01,149.8,-61.1,18.7,9.4,-0.6,-0.1,n/a,OK,4.0,    
236.00,3.429,6464.8,-767.9,757.0,9.67,-1.44,-15.97,149.7,-64.1,18.7,9.4,-0.8,-0.1,n/a,OK,4.0,    
236.50,3.410,6430.6,-759.4,756.5,9.63,-1.43,-15.93,149.7,-67.8,18.7,9.4,-0.7,-0.1,n/a,OK,4.0,    
237.00,3.391,6396.5,-750.9,755.9,9.65,-1.42,-15.89,149.6,-73.4,18.7,9.4,-0.5,-0.1,n/a,OK,4.0,    
237.50,3.372,6362.4,-742.5,755.2,9.64,-1.41,-15.85,149.5,-77.7,18.7,9.4,-0.3,-0.1,n/a,OK,4.0,    
238.00,3.353,6328.3,-734.0,754.6,9.65,-1.40,-15.81,149.5,-82.7,18.7,9.4,-0.2,-0.1,n/a,OK,4.0,    
238.50,3.335,6294.2,-725.6,753.9,9.70,-1.40,-15.77,149.4,-85.7,18.7,9.4,-0.2,-0.1,n/a,OK,4.0,    
239.00,3.316,6260.1,-717.2,753.1,9.66,-1.39,-15.73,149.5,-87.0,18.7,9.4,-0.0,-0.1,n/a,OK,4.0,    
239.50,3.297,6225.9,-708.8,752.4,9.60,-1.38,-15.69,149.8,-87.6,18.8,9.3,0.7,-0.1,n/a,OK,4.0,    
240.00,3.278,6191.7,-700.3,751.7,9.62,-1.37,-15.65,150.1,-85.2,19.0,9.4,1.8,-0.1,n/a,OK,4.0,    
240.50,3.259,6157.4,-691.8,751.0,9.61,-1.36,-15.61,150.4,-79.1,19.1,9.5,1.8,-0.1,n/a,OK,4.0,    
241.00,3.240,6123.1,-683.2,750.4,9.63,-1.34,-15.56,150.8,-69.5,18.9,9.5,0.6,-0.1,n/a,OK,4.0,    
241.50,3.221,6088.6,-674.5,749.9,9.60,-1.33,-15.52,151.0,-58.5,18.9,9.5,-0.0,-0.1,n/a,OK,4.0,    
242.00,3.202,6054.1,-665.8,749.4,9.53,-1.32,-15.47,151.3,-46.8,19.0,9.4,0.4,-0.1,n/a,OK,4.0,    
242.50,3.183,6019.6,-657.1,749.1,9.48,-1.31,-15.42,151.6,-36.9,19.3,9.4,1.7,-0.1,n/a,OK,4.0,    
243.00,3.164,5985.0,-648.4,748.8,9.49,-1.30,-15.38,151.9,-25.2,19.7,9.5,3.1,-0.1,n/a,OK,4.0,    
243.50,3.145,5950.3,-639.5,748.7,9.50,-1.29,-15.33,152.2,-11.4,20.0,9.5,4.1,-0.1,n/a,OK,4.0,    
244.00,3.126,5915.6,-630.4,748.6,9.45,-1.27,-15.28,152.5,1.5,20.0,9.5,3.5,-0.1,n/a,OK,4.0,    
244.50,3.106,5880.9,-621.1,748.7,9.38,-1.26,-15.22,152.8,14.8,19.7,9.4,1.4,-0.1,n/a,OK,4.0,    
245.00,3.087,5846.1,-611.8,748.9,9.34,-1.24,-15.17,153.0,28.7,19.6,9.4,-0.0,-0.1,n/a,OK,4.0,    
245.50,3.068,5811.2,-602.4,749.2,9.31,-1.23,-15.11,153.3,43.4,19.6,9.4,-0.4,-0.1,n/a,OK,4.0,    
246.00,3.049,5776.3,-593.1,749.6,9.30,-1.21,-15.05,153.5,60.1,19.6,9.4,-0.7,-0.1,n/a,OK,4.0,    
246.50,3.029,5741.3,-583.8,750.2,9.25,-1.20,-15.00,153.7,78.2,19.6,9.4,-0.7,-0.1,n/a,OK,4.0,    
247.00,3.010,5706.3,-574.5,750.9,9.17,-1.18,-14.94,153.9,94.9,19.6,9.4,-0.6,-0.1,n/a,OK,4.0,    
247.50,2.991,5671.2,-565.2,751.8,9.13,-1.16,-14.88,154.2,110.8,19.6,9.4,-0.5,-0.1,n/a,OK,4.0,    
248.00,2.971,5636.0,-555.9,752.8,9.08,-1.14,-14.82,154.4,127.0,19.5,9.4,-0.3,-0.1,n/a,OK,4.0,    
248.50,2.952,5600.8,-546.6,753.9,9.03,-1.13,-14.76,154.6,142.5,19.5,9.4,-0.1,-0.1,n/a,OK,4.0,    
249.00,2.932,5565.5,-537.4,755.1,8.97,-1.11,-14.70,154.8,157.2,19.5,9.4,0.0,-0.1,n/a,OK,4.0,    
249.50,2.913,5530.2,-528.1,756.5,8.94,-1.09,-14.64,155.0,171.2,19.5,9.4,0.2,-0.1,n/a,OK,4.0,    
250.00,2.893,5494.8,-518.8,758.0,8.83,-1.07,-14.58,155.2,183.2,19.5,9.4,0.3,-0.1,n/a,OK,4.0,    
250.50,2.874,5459.4,-509.5,759.5,8.80,-1.04,-14.52,155.4,193.4,19.5,9.4,0.5,-0.1,n/a,OK,4.0,    
251.00,2.854,5423.9,-500.1,761.2,8.76,-1.02,-14.45,155.6,203.0,19.5,9.4,0.4,-0.1,n/a,OK,4.0,    
251.50,2.835,5388.4,-490.7,762.9,8.74,-1.00,-14.39,155.7,211.5,19.5,9.4,0.3,-0.1,n/a,OK,4.0,    
252.00,2.815,5352.9,-481.4,764.7,8.68,-0.98,-14.32,155.6,214.2,19.5,9.3,0.1,-0.1,n/a,OK,4.0,    
252.50,2.796,5317.4,-472.0,766.5,8.63,-0.95,-14.26,155.3,208.8,19.5,9.2,-0.0,-0.1,n/a,OK,4.0,    
253.00,2.776,5282.0,-462.6,768.2,8.60,-0.93,-14.19,155.0,200.7,19.5,9.2,0.1,-0.1,n/a,OK,4.0,    
253.50,2.757,5246.7,-453.3,769.8,8.60,-0.91,-14.12,154.7,188.3,19.7,9.1,1.1,-0.1,n/a,OK,4.0,    
254.00,2.737,5211.5,-443.9,771.3,8.57,-0.88,-14.05,154.3,171.3,20.1,9.1,2.9,-0.1,n/a,OK,4.0,    
254.50,2.718,5176.4,-434.5,772.6,8.60,-0.86,-13.98,153.9,149.5,20.5,9.0,4.7,-0.1,n/a,OK,4.0,    
255.00,2.699,5141.5,-424.8,773.7,8.57,-0.84,-13.90,153.6,125.0,20.5,8.9,3.9,-0.1,n/a,OK,4.0,    
255.50,2.679,5106.7,-415.1,774.7,8.55,-0.82,-13.82,153.3,97.8,20.5,8.9,2.8,-0.1,n/a,OK,4.0,    
256.00,2.660,5071.9,-405.2,775.4,8.61,-0.80,-13.74,153.0,71.5,20.6,8.9,2.8,-0.1,n/a,OK,4.0,    
256.50,2.641,5037.3,-395.3,775.9,8.65,-0.77,-13.66,152.7,46.2,21.0,8.8,3.7,-0.1,n/a,OK,4.0,    
257.00,2.622,5002.8,-385.2,776.1,8.67,-0.75,-13.58,152.5,19.6,21.3,8.8,4.0,-0.1,n/a,OK,4.0,    
257.50,2.603,4968.4,-374.9,776.2,8.70,-0.73,-13.49,152.6,-0.9,21.1,8.7,2.1,-0.1,n/a,OK,4.0,    
258.00,2.584,4933.9,-364.6,776.1,8.71,-0.71,-13.40,152.9,-11.9,21.2,8.7,1.1,-0.1,n/a,OK,4.0,    
258.50,2.565,4899.3,-354.2,776.0,8.76,-0.70,-13.31,153.4,-16.8,21.5,8.7,1.8,-0.1,n/a,OK,4.0,    
259.00,2.546,4864.6,-343.7,775.9,8.82,-0.67,-13.21,153.9,-17.3,21.8,8.7,2.9,-0.1,n/a,OK,4.0,    
259.50,2.527,4829.8,-333.1,775.7,8.85,-0.65,-13.11,154.3,-15.8,21.8,8.7,2.7,-0.1,n/a,OK,4.0,    
260.00,2.508,4795.0,-322.3,775.6,8.83,-0.63,-13.01,154.6,-12.9,21.6,8.7,1.1,-0.1,n/a,OK,4.0,    
260.50,2.489,4760.1,-311.4,775.5,8.84,-0.61,-12.91,154.8,-9.5,21.6,8.8,0.5,-0.1,n/a,OK,4.0,    
261.00,2.469,4725.2,-300.6,775.5,8.89,-0.59,-12.80,154.9,-3.9,21.6,8.8,0.7,-0.1,n/a,OK,4.0,    
261.50,2.450,4690.3,-289.7,775.5,8.87,-0.57,-12.70,155.0,2.1,21.8,8.8,1.6,-0.1,n/a,OK,4.0,    
262.00,2.431,4655.3,-278.7,775.5,8.84,-0.55,-12.59,155.1,5.1,22.1,8.8,2.6,-0.1,n/a,OK,4.0,    
262.50,2.412,4620.4,-267.6,775.6,8.86,-0.52,-12.47,155.2,9.8,22.3,8.8,3.2,-0.1,n/a,OK,4.0,    
263.00,2.393,4585.5,-256.4,775.7,8.82,-0.50,-12.36,155.3,13.4,22.4,8.8,3.2,-0.1,n/a,OK,4.0,    
263.50,2.373,4550.6,-245.1,775.8,8.78,-0.47,-12.24,155.3,14.9,22.3,8.8,1.7,-0.1,n/a,OK,4.0,    
264.00,2.354,4515.7,-233.7,775.9,8.81,-0.45,-12.11,155.3,18.1,22.3,8.9,1.1,-0.1,n/a,OK,4.0,    
264.50,2.335,4480.8,-222.2,776.1,8.81,-0.42,-11.99,155.3,22.1,22.5,8.9,1.6,-0.1,n/a,OK,4.0,    
265.00,2.316,4446.0,-210.7,776.3,8.79,-0.40,-11.86,155.3,24.8,22.6,8.9,1.9,-0.1,n/a,OK,4.0,    
265.50,2.297,4411.2,-199.2,776.5,8.77,-0.37,-11.73,155.2,23.7,22.9,8.8,2.6,-0.1,n/a,OK,4.0,    
266.00,2.278,4376.4,-187.5,776.7,8.73,-0.35,-11.59,155.1,19.0,23.0,8.8,2.8,-0.1,n/a,OK,4.0,    
266.50,2.259,4341.8,-175.7,776.8,8.68,-0.32,-11.46,155.0,11.6,23.0,8.7,2.1,-0.1,n/a,OK,4.0,    
267.00,2.240,4307.1,-163.8,776.8,8.71,-0.29,-11.31,154.9,2.8,23.1,8.7,2.0,-0.1,n/a,OK,4.0,    
267.50,2.221,4272.5,-151.9,776.8,8.70,-0.27,-11.17,155.0,-2.0,23.2,8.7,2.2,-0.1,n/a,OK,4.0,    
268.00,2.202,4237.9,-139.9,776.8,8.69,-0.24,-11.02,155.2,-5.3,23.5,8.6,2.9,-0.1,n/a,OK,4.0,    
268.50,2.183,4203.3,-127.7,776.7,8.68,-0.21,-10.87,155.4,-7.9,23.6,8.6,2.7,-0.1,n/a,OK,4.0,    
269.00,2.164,4168.6,-115.4,776.7,8.68,-0.18,-10.71,155.6,-8.6,23.7,8.6,2.6,-0.1,n/a,OK,4.0,    
269.50,2.145,4134.0,-103.0,776.6,8.69,-0.16,-10.55,155.8,-7.1,23.8,8.6,2.5,-0.1,n/a,OK,4.0,    
270.00,2.126,4099.3,-90.5,776.6,8.68,-0.13,-10.38,155.9,-5.5,23.8,8.6,1.6,-0.1,n/a,OK,4.0,    
270.50,2.108,4064.6,-78.0,776.5,8.59,-0.10,-10.21,156.0,-4.7,23.9,8.5,1.2,-0.1,n/a,OK,4.0,    
271.00,2.089,4029.9,-65.3,776.5,8.61,-0.07,-10.04,156.1,-6.3,23.9,8.5,0.9,-0.1,n/a,OK,4.0,    
271.50,2.070,3995.2,-52.6,776.4,8.61,-0.04,-9.86,156.2,-4.3,23.8,8.5,0.2,-0.1,n/a,OK,4.0,    
272.00,2.051,3960.5,-39.9,776.4,8.59,-0.01,-9.68,156.3,-2.5,23.7,8.5,-0.4,-0.1,n/a,OK,4.0,    
272.50,2.032,3925.8,-27.3,776.4,8.58,0.03,-9.50,156.3,-2.6,23.7,8.5,-0.4,-0.1,n/a,OK,4.0,    
273.00,2.013,3891.1,-14.6,776.3,8.57,0.06,-9.31,156.1,-7.5,23.7,8.5,0.1,-0.1,n/a,OK,4.0,    
273.50,1.995,3856.5,-2.0,776.2,8.56,0.09,-9.12,155.6,-19.6,23.7,8.5,-0.1,-0.1,n/a,OK,4.0,    
274.00,1.976,3822.0,10.7,776.0,8.50,0.12,-8.92,155.1,-37.6,23.5,8.3,-0.9,-0.1,n/a,OK,4.0,    
274.50,1.957,3787.6,23.2,775.5,8.45,0.15,-8.73,154.6,-63.0,23.3,8.2,-1.8,-0.1,n/a,OK,4.0,    
275.00,1.939,3753.3,35.6,774.9,8.47,0.18,-8.53,154.2,-91.9,23.3,8.1,-1.8,-0.1,n/a,OK,4.0,    
275.50,1.921,3719.0,48.0,774.0,8.55,0.21,-8.33,153.9,-118.0,23.3,8.1,-1.3,-0.1,n/a,OK,4.0,    
276.00,1.902,3684.9,60.3,772.9,8.58,0.24,-8.13,153.5,-143.8,23.1,8.0,-1.9,-0.1,n/a,OK,4.0,    
276.50,1.884,3650.8,72.5,771.6,8.56,0.27,-7.92,152.9,-176.8,22.8,7.9,-3.0,-0.1,n/a,OK,4.0,    
277.00,1.866,3616.9,84.5,769.9,8.54,0.30,-7.71,152.4,-216.2,22.5,7.7,-4.3,-0.1,n/a,OK,4.0,    
277.50,1.848,3583.0,96.3,767.9,8.58,0.33,-7.51,151.8,-259.6,22.2,7.6,-5.1,-0.1,n/a,OK,4.0,    
278.00,1.829,3549.2,107.9,765.6,8.61,0.35,-7.30,151.3,-304.5,21.9,7.5,-5.2,-0.1,n/a,OK,4.0,    
278.50,1.811,3515.5,119.3,762.8,8.67,0.37,-7.09,150.9,-350.0,21.7,7.4,-4.9,-0.1,n/a,OK,4.0,    
279.00,1.793,3481.8,130.5,759.7,8.74,0.40,-6.88,150.5,-393.1,21.6,7.3,-4.1,-0.1,n/a,OK,4.0,    
279.50,1.776,3448.1,141.4,756.3,8.78,0.42,-6.67,150.1,-436.4,21.6,7.2,-3.0,-0.1,n/a,OK,4.0,    
280.00,1.758,3414.6,152.3,752.4,8.88,0.44,-6.46,149.6,-480.2,21.6,7.2,-1.5,-0.1,n/a,OK,4.0,    
280.50,1.740,3381.1,163.0,748.2,8.94,0.45,-6.25,149.2,-522.8,21.4,7.1,-1.5,-0.1,n/a,OK,4.0,    
281.00,1.722,3347.8,173.7,743.7,8.98,0.47,-6.03,148.7,-568.8,21.1,7.0,-2.6,-0.1,n/a,OK,4.0,    
281.50,1.705,3314.5,184.2,738.7,9.03,0.48,-5.82,148.2,-618.0,20.6,6.8,-4.2,-0.1,n/a,OK,4.0,    
282.00,1.687,3281.3,194.5,733.3,9.08,0.49,-5.60,147.6,-675.5,20.4,6.7,-5.1,-0.1,n/a,OK,4.0,    
282.50,1.670,3248.3,204.7,727.5,9.28,0.50,-5.38,147.1,-731.6,20.3,6.7,-4.9,-0.1,n/a,OK,4.0,    
283.00,1.652,3215.3,214.6,721.2,9.44,0.51,-5.16,146.6,-781.4,20.0,6.7,-5.0,-0.1,n/a,OK,4.0,    
283.50,1.635,3182.4,224.2,714.4,9.53,0.51,-4.94,146.1,-831.2,19.7,6.6,-5.3,-0.1,n/a,OK,4.0,    
284.00,1.617,3149.6,233.7,707.3,9.61,0.51,-4.72,145.6,-884.4,19.3,6.5,-5.7,-0.1,n/a,OK,4.0,    
284.50,1.600,3116.8,242.9,699.7,9.79,0.51,-4.50,145.1,-936.6,18.7,6.5,-6.9,-0.1,n/a,OK,4.0,    
285.00,1.583,3084.2,251.8,691.6,9.96,0.51,-4.28,144.6,-991.5,17.6,6.4,-10.4,-0.1,n/a,OK,4.0,    
285.50,1.566,3051.5,260.4,683.1,10.10,0.50,-4.06,144.1,-1056.5,16.5,6.2,-13.3,-0.1,n/a,OK,4.0,    
286.00,1.549,3018.9,268.4,674.0,10.28,0.49,-3.85,143.7,-1128.2,15.6,6.1,-15.0,-0.0,n/a,OK,4.0,    
286.50,1.531,2986.3,275.7,664.3,10.44,0.47,-3.65,143.3,-1201.3,14.7,6.0,-15.8,-0.0,n/a,OK,4.0,    
287.00,1.514,2953.6,282.5,653.9,10.66,0.45,-3.45,143.0,-1277.0,13.8,5.9,-15.9,-0.0,n/a,OK,4.0,    
287.50,1.497,2921.0,288.6,643.0,10.89,0.43,-3.26,142.7,-1345.5,13.0,6.0,-15.4,-0.0,X0,OK,4.0,    
288.00,1.480,2888.3,294.1,631.5,11.00,0.41,-3.08,142.4,-1408.1,12.2,5.9,-14.7,-0.0,X0,OK,4.0,    
288.50,1.463,2855.7,299.0,619.5,11.04,0.38,-2.91,142.1,-1469.1,11.4,5.8,-14.2,-0.0,X0,OK,4.0,    
289.00,1.445,2823.0,303.3,607.0,11.05,0.34,-2.75,141.9,-1530.6,10.7,5.6,-14.0,-0.0,X0,OK,4.0,    
289.50,1.428,2790.3,307.0,594.0,11.04,0.30,-2.60,142.0,-1591.3,9.8,5.4,-14.2,-0.0,X0,OK,4.0,    
290.00,1.411,2757.5,310.2,580.4,11.09,0.26,-2.45,142.4,-1647.6,9.0,5.2,-14.6,-0.0,X0,OK,4.0,    
290.50,1.393,2724.6,312.8,566.5,11.17,0.22,-2.31,143.1,-1694.5,8.1,5.2,-15.1,-0.0,X0,OK,4.0,    
291.00,1.375,2691.4,314.7,552.2,11.24,0.17,-2.18,143.8,-1735.7,7.1,5.1,-15.7,-0.0,X0,OK,4.0,    
291.50,1.358,2658.0,316.0,537.6,11.29,0.12,-2.07,144.8,-1768.1,6.2,5.1,-15.7,-0.0,X0,OK,4.0,    
292.00,1.340,2624.3,316.6,522.8,11.37,0.06,-1.96,146.1,-1782.1,5.6,5.3,-13.9,-0.0,X0,OK,4.0,    
292.50,1.321,2590.2,316.6,508.0,11.38,0.01,-1.86,147.5,-1767.8,5.2,5.4,-11.9,-0.0,X0,OK,4.0,    
293.00,1.303,2555.8,316.0,493.4,11.30,-0.05,-1.78,148.7,-1738.5,4.6,5.5,-11.0,-0.0,X0,OK,4.0,    
293.50,1.284,2521.1,315.0,479.0,11.30,-0.10,-1.70,149.9,-1701.0,3.9,5.6,-11.5,-0.0,X0,OK,4.0,    
294.00,1.265,2486.0,313.3,465.1,11.28,-0.15,-1.63,151.1,-1655.4,3.1,5.7,-12.6,-0.0,X0,OK,4.0,    
294.50,1.246,2450.7,311.1,451.5,11.19,-0.20,-1.57,152.5,-1602.3,2.3,5.8,-12.8,-0.0,X0,OK,4.0,    
295.00,1.227,2415.0,308.3,438.4,11.23,-0.25,-1.52,154.2,-1534.1,2.0,6.1,-11.0,-0.0,X0,OK,4.0,    
295.50,1.207,2378.8,304.9,426.1,11.23,-0.29,-1.49,155.8,-1437.9,1.8,6.5,-8.5,-0.0,X0,OK,4.0,    
296.00,1.188,2342.3,301.0,414.6,11.25,-0.33,-1.46,156.9,-1328.6,1.6,6.9,-6.8,-0.0,X0,OK,4.0,    
296.50,1.168,2305.7,296.8,404.0,11.19,-0.36,-1.44,157.1,-1221.0,1.4,7.2,-5.7,-0.0,X0,OK,4.0,    
297.00,1.148,2269.1,292.3,394.2,10.98,-0.38,-1.43,156.6,-1129.0,1.1,7.2,-5.7,-0.0,X0,OK,4.0,    
297.50,1.128,2232.7,287.6,385.1,10.73,-0.40,-1.43,156.0,-1056.7,0.9,7.2,-5.4,-0.0,X0,OK,4.0,    
298.00,1.108,2196.5,282.6,376.6,10.56,-0.42,-1.43,155.5,-995.4,0.8,7.2,-4.4,-0.0,X0,OK,4.0,    
298.50,1.088,2160.4,277.5,368.5,10.50,-0.43,-1.44,155.1,-940.0,0.8,7.3,-3.2,-0.0,X0,OK,4.0,    
299.00,1.069,2124.4,272.2,361.0,10.41,-0.44,-1.45,154.6,-883.8,0.9,7.4,-1.9,-0.0,X0,OK,4.0,    
299.50,1.049,2088.5,266.8,353.8,9.92,-0.45,-1.46,154.0,-843.7,1.0,7.1,-0.8,-0.0,X0,OK,4.0,    
300.00,1.030,2052.8,261.5,346.8,9.52,-0.45,-1.48,153.6,-831.5,1.1,6.8,-0.4,-0.0,X0,OK,4.0,    
300.50,1.010,2017.2,256.1,339.8,9.49,-0.46,-1.50,153.2,-829.9,0.9,6.7,-1.0,-0.0,X0,OK,4.0,    
301.00,0.991,1981.6,250.7,332.9,9.44,-0.47,-1.51,153.0,-824.9,0.9,6.8,-1.2,-0.0,X0,OK,4.0,    
301.50,0.971,1946.1,245.3,326.1,9.22,-0.47,-1.54,153.0,-819.3,0.8,6.6,-1.1,-0.0,X0,OK,4.0,    
302.00,0.952,1910.7,239.8,319.2,8.88,-0.48,-1.56,152.6,-833.4,0.8,6.3,-1.1,-0.0,X0,OK,4.0,    
302.50,0.933,1875.3,234.2,312.1,8.66,-0.49,-1.58,152.2,-867.4,0.8,5.9,-0.8,-0.0,X0,OK,4.0,    
303.00,0.914,1840.1,228.7,304.7,8.66,-0.50,-1.61,152.3,-899.3,0.9,5.8,-0.3,-0.0,X0,OK,4.0,    
303.50,0.894,1804.7,223.1,297.1,8.64,-0.51,-1.64,153.0,-921.1,1.0,5.6,0.3,0.0,X0,OK,4.0,    
304.00,0.875,1769.1,217.5,289.3,8.42,-0.53,-1.67,154.3,-938.4,1.1,5.3,0.4,0.0,X0,OK,4.0,    
304.50,0.855,1733.1,211.9,281.5,8.35,-0.55,-1.70,155.8,-947.2,1.1,5.2,0.1,0.0,X0,OK,4.0,    
305.00,0.835,1696.7,206.2,273.5,8.17,-0.56,-1.74,157.6,-947.6,1.0,5.1,-0.2,0.0,X0,OK,4.0,    
305.50,0.815,1659.8,200.4,265.7,7.94,-0.58,-1.77,159.6,-942.2,0.9,5.1,-0.5,0.0,X0,OK,4.0,    
306.00,0.795,1622.3,194.5,257.9,7.87,-0.60,-1.81,161.9,-924.4,0.9,5.2,-0.2,-0.0,X0,OK,4.0,    
306.50,0.774,1584.3,188.6,250.3,7.77,-0.61,-1.85,163.7,-902.5,0.7,5.1,-0.1,-0.0,X0,OK,4.0,    
307.00,0.753,1546.0,182.5,242.8,7.50,-0.62,-1.89,164.4,-892.7,0.8,4.9,-0.3,-0.0,X0,OK,4.0,    
307.50,0.732,1507.5,176.5,235.3,7.37,-0.64,-1.94,165.0,-899.5,0.9,4.6,-0.1,-0.0,XX,OK,4.0,    
308.00,0.711,1468.9,170.4,227.8,7.37,-0.65,-1.99,165.5,-909.1,1.0,4.5,0.0,0.0,XX,(OK),3.0,(AAF)LOLULX    
308.50,0.690,1430.2,164.3,220.2,7.22,-0.67,-2.04,166.1,-916.6,0.9,4.4,0.1,-0.0,XX,(OK),3.0,(AAF)LOLULX    
309.00,0.668,1391.3,158.2,212.4,7.13,-0.68,-2.10,166.6,-931.5,0.8,4.3,-0.0,-0.0,XX,(OK),3.0,AA (F)LOLULX    
309.50,0.647,1352.3,152.1,204.6,7.27,-0.70,-2.16,167.1,-941.6,0.8,4.3,-0.1,-0.0,XX,(OK),3.0,AA (F)LOLULX    
310.00,0.626,1313.2,145.9,196.8,7.30,-0.73,-2.22,167.6,-938.7,1.1,4.2,1.2,0.0,XX,(OK),3.0,AA (F)LOLULX    
310.50,0.604,1274.0,139.7,188.9,7.17,-0.75,-2.29,168.2,-944.6,1.4,4.0,3.2,0.0,XX,(OK),3.0,AA (F)LOLULX    
311.00,0.583,1234.5,133.7,181.0,7.15,-0.77,-2.35,168.9,-962.8,1.8,4.1,4.6,-0.0,XX,(OK),3.0,AA (F)LOLULX    
311.50,0.561,1194.9,127.8,173.0,7.49,-0.80,-2.41,169.5,-959.8,1.8,4.6,3.8,-0.0,XX,(OK),3.0,AA (F)LOLULX    
312.00,0.539,1155.0,122.1,165.1,7.58,-0.83,-2.46,170.1,-929.1,1.5,4.9,1.7,-0.0,XX,(OK),3.0,AA (F)LOLULX    
312.50,0.518,1115.0,116.4,157.5,7.45,-0.85,-2.52,170.7,-899.3,1.5,4.9,0.8,-0.0,XX,(OK),3.0,AA (F)LOLULX    
313.00,0.496,1074.9,110.8,150.1,7.52,-0.87,-2.57,171.1,-879.7,1.5,4.9,1.3,-0.0,IM,(OK),3.0,AA (F)LOLULX    
313.50,0.474,1034.7,105.1,142.9,7.73,-0.89,-2.63,171.0,-846.9,1.8,5.1,1.3,-0.0,IM,(OK),3.0,AA (F)LOLULX LOLULIM   
314.00,0.452,994.6,99.6,136.0,7.68,-0.91,-2.69,170.7,-809.2,1.9,5.1,1.5,-0.0,IM,(OK),3.0,AA (F)LOLULX LOLULIM   
314.50,0.430,954.5,94.1,129.4,7.45,-0.92,-2.76,170.2,-789.7,2.1,4.9,1.6,-0.0,IM,--,2.0,AA (F)LOLULX _LO_LULIM   
315.00,0.408,914.6,88.7,122.8,7.75,-0.93,-2.82,169.7,-782.5,2.1,5.2,2.0,-0.0,IM,--,2.0,AA (F)LOLULX _LO_LULIM   
315.50,0.387,874.8,83.4,116.4,8.00,-0.94,-2.88,169.1,-761.6,2.4,5.5,2.2,-0.0,IM,--,2.0,AA (F)LOLULX _LO_LULIM   
316.00,0.365,835.2,78.2,110.2,7.91,-0.95,-2.95,168.6,-739.0,2.6,5.6,2.6,-0.0,IM,--,2.0,AA (F)LOLULX _LO_LULIM   
316.50,0.344,795.6,73.2,104.1,7.81,-0.96,-3.01,168.3,-730.0,2.7,5.7,3.5,-0.0,IM,--,2.0,AA (F)LOLULX _LO_LULIM   
317.00,0.322,756.1,68.3,98.1,8.09,-0.97,-3.07,167.8,-718.2,3.0,6.1,4.1,-0.0,IM,--,2.0,AA (F)LOLULX _LOLUL_IM   
317.50,0.301,716.7,63.5,92.2,8.29,-0.97,-3.11,167.3,-688.2,3.1,6.3,3.3,-0.0,IM,--,2.0,AA (F)LOLULX _LOLUL_IM   
318.00,0.279,677.4,59.0,86.6,8.14,-0.97,-3.15,166.6,-670.0,3.0,6.1,1.1,-0.0,IM,--,2.0,AA (F)LOLULX _LOLUL_IM   
318.50,0.258,638.3,54.6,81.0,8.19,-0.96,-3.19,166.0,-662.2,2.9,6.1,-0.7,-0.0,IM,--,2.0,AA (F)LOLULX _LOLUL_IM   
319.00,0.237,599.4,50.1,75.5,8.16,-0.95,-3.23,165.4,-655.0,2.8,6.2,-1.9,0.0,IM,--,2.0,AA (F)LOLULX _LOLUL_IM   
319.50,0.216,560.7,45.6,70.1,8.32,-0.94,-3.29,164.5,-645.7,2.6,6.4,-2.2,-0.0,IC,WO,1.0,AA (F)LOLULX _LOLUL_IM  _LOLUL_IC 
320.00,0.195,522.2,41.0,64.7,8.29,-0.93,-3.38,163.5,-648.7,2.6,6.3,-1.4,-0.0,IC,WO,1.0,AA (F)LOLULX _LOLUL_IM  _LOLUL_IC 
320.50,0.174,484.0,36.3,59.3,8.26,-0.92,-3.49,162.5,-664.1,2.9,6.3,0.3,0.0,IC,WO,1.0,AA (F)LOLULX _LOLUL_IM  _LOLUL_IC 
321.00,0.154,446.0,31.7,53.7,8.53,-0.92,-3.62,161.5,-683.2,3.0,6.3,1.7,-0.0,IC,WO,1.0,AA (F)LOLULX _LOLUL_IM  _LOLUL_IC 
321.50,0.133,408.3,27.2,47.9,8.69,-0.93,-3.78,160.6,-700.3,3.4,6.4,2.4,0.0,IC,WO,1.0,AA (F)LOLULX _LOLUL_IM  _LOLUL_IC 
322.00,0.113,370.8,22.8,42.0,8.66,-0.95,-3.95,159.8,-719.1,3.5,6.5,2.2,0.0,IC,WO,1.0,AA (F)LOLULX _LOLUL_IM  _LOLUL_IC 
322.50,0.092,333.5,18.6,35.9,8.85,-0.99,-4.14,158.9,-743.8,3.3,6.8,1.2,-0.0,IC,WO,1.0,AA (F)LOLULX _LOLUL_IM  _LOLUL_IC 
323.00,0.072,296.4,14.5,29.7,8.81,-1.06,-4.38,157.8,-763.5,2.9,7.2,-0.4,-0.0,IC,WO,1.0,AA (F)LOLULX _LOLUL_IM  _LOLUL_IC 
323.50,0.052,259.7,10.3,23.2,9.05,-1.20,-4.73,156.6,-799.5,2.4,7.3,-1.1,-0.0,IC,WO,1.0,AA (F)LOLULX _LOLUL_IM  _LOLUL_IC 
324.00,0.033,223.2,6.2,16.4,8.38,-1.45,-5.28,155.6,-836.1,2.4,7.2,-1.4,-0.0,AR,WO,1.0,AA (F)LOLULX _LOLUL_IM  _LOLUL_IC 
324.50,0.014,186.9,2.0,9.1,7.44,-1.95,-6.25,155.6,-914.9,2.3,7.2,-1.1,-0.0,AR,WO,1.0,AA (F)LOLULX _LOLUL_IM  _LOLUL_IC _LOLUL_AR
325.00,-0.009,150.5,-2.3,1.3,9.64,-3.14,-8.37,155.0,-545.8,2.7,7.8,-0.8,-0.0,AR,WO,1.0,AA (F)LOLULX _LOLUL_IM  _LOLUL_IC _LOLUL_AR
325.50,-0.027,114.3,-6.4,0.3,-1.31,-3.31,-15.40,155.4,-71.3,2.7,-1.4,-0.2,-0.0,AR,WO,1.0,AA (F)LOLULX _LOLUL_IM  _LOLUL_IC _LOLUL_AR
326.00,-0.047,77.8,-10.6,0.0,-0.94,-3.44,-141.12,156.6,-12.3,3.1,-0.8,-0.1,-0.0,AR,WO,1.0,AA (F)LOLULX _LOLUL_IM  _LOLUL_IC _LOLUL_AR
